feature1,feature2,feature3,feature4,feature5,feature6,feature7,feature8,feature9,feature10,feature11,feature12,feature13,feature14,feature15,feature16,feature17,feature18,feature19,feature20
0.0815,0.0886,0.0653,0.0649,0.0838,0.0568,0.06,0.0621,0.1032,0.1225,0.0767,0.0761,0.0727,0.0642,0.0317,0.0862,0.0969,0.0643,0.1277,0.056
0.2789,0.3589,0.2954,0.2263,0.3249,0.2475,0.2655,0.3142,0.3611,0.3092,0.2511,0.2444,0.2906,0.2042,0.2706,0.2929,0.3125,0.2762,0.2654,0.2704
0.0466,0.0638,0.0387,0.03,0.111,0.0742,0.0679,0.0935,0.0851,0.1168,0.0731,0.077,0.0914,0.0071,0.0714,0.0234,0.0274,0.0785,0.0805,0.0978
0.9015,0.9589,0.8922,0.9337,0.9255,0.8994,0.9138,0.9344,0.9501,0.9305,0.9448,0.9463,0.9712,0.902,0.9228,0.9458,0.9307,0.9104,0.9566,0.9519
0.3116,0.2931,0.3153,0.2702,0.2733,0.2823,0.3609,0.2636,0.2281,0.3132,0.3144,0.3049,0.2992,0.2214,0.2923,0.296,0.3058,0.2794,0.358,0.2863
0.4705,0.5037,0.5038,0.4588,0.5401,0.4309,0.5129,0.4689,0.5266,0.4371,0.464,0.4624,0.5032,0.4593,0.4588,0.5383,0.4783,0.5137,0.4678,0.5197
0.4897,0.5425,0.4943,0.5154,0.514,0.4454,0.5357,0.5386,0.5263,0.5311,0.4938,0.5492,0.4752,0.5016,0.4652,0.5053,0.5175,0.4593,0.5074,0.5136
0.0923,0.0887,0.067,0.0199,0.1426,0.059,0.0511,0.0909,0.0849,0.0618,0.0733,0.0315,0.0494,0.074,0.0508,0.1352,0.1046,0.0588,0.0869,0.1289
0.7396,0.7743,0.7047,0.6956,0.7061,0.7354,0.6902,0.7149,0.7819,0.6977,0.7328,0.7437,0.6832,0.6605,0.7321,0.7503,0.7087,0.7809,0.7194,0.6978
0.0863,0.1026,0.0636,0.0518,0.0609,0.0518,0.1111,0.0531,0.0897,0.1272,0.0549,0.0739,0.0285,0.0,0.0728,0.0591,0.0719,0.0622,0.0551,0.0488
0.2444,0.3199,0.3331,0.2746,0.3565,0.2922,0.2792,0.3125,0.296,0.3347,0.2518,0.2976,0.2757,0.2826,0.2507,0.3512,0.2819,0.3177,0.2672,0.2075
0.1052,0.0791,0.033,0.0342,0.0776,0.0308,0.0868,0.0951,0.0694,0.0821,0.1073,0.0622,0.0327,0.0825,0.0773,0.0589,0.0701,0.0658,0.0893,0.1087
0.6765,0.6816,0.6881,0.6834,0.7897,0.6986,0.7389,0.6972,0.7288,0.7046,0.6993,0.725,0.7127,0.7445,0.714,0.7065,0.6483,0.7302,0.7275,0.7201
0.074,0.0674,0.0763,0.0642,0.1389,0.0356,0.0902,0.0433,0.087,0.0648,0.0628,0.045,0.0658,0.1378,0.0845,0.1218,0.0137,0.1061,0.0634,0.1394
0.5272,0.4838,0.5799,0.5124,0.5614,0.5185,0.4812,0.5278,0.5153,0.4152,0.4808,0.5273,0.4772,0.5326,0.5295,0.4821,0.4611,0.5845,0.5543,0.5008
0.2442,0.3053,0.2775,0.295,0.34,0.2739,0.3093,0.2518,0.263,0.3598,0.3137,0.2494,0.241,0.3007,0.2524,0.2848,0.2571,0.2754,0.3083,0.3012
0.8928,0.9367,0.9072,0.9462,0.9624,0.9251,0.929,0.8872,0.9218,0.9487,0.9241,0.9254,0.9317,0.8732,0.8957,0.9482,0.9355,0.8843,0.9503,0.902
0.2411,0.2195,0.262,0.2855,0.2971,0.3068,0.2712,0.3215,0.3119,0.2988,0.272,0.2469,0.297,0.2102,0.2344,0.3319,0.2632,0.2334,0.3001,0.3058
0.6778,0.742,0.6831,0.6468,0.7181,0.6526,0.6987,0.8017,0.7695,0.728,0.7034,0.7146,0.7079,0.671,0.6825,0.7453,0.6853,0.7039,0.7429,0.6826
0.9339,0.9053,0.9069,0.9339,0.9686,0.9377,0.8716,0.9406,0.929,0.9399,0.8857,0.9158,0.9012,0.9296,0.9326,0.9226,0.9325,0.971,0.9262,0.9518
0.8922,0.9895,0.9265,0.9555,0.9524,0.9465,0.9551,0.9066,0.9683,0.9557,0.9498,0.9991,0.9248,0.9306,0.9171,0.9858,0.9094,0.9542,0.8969,0.9161
0.0565,0.1082,0.0979,0.0592,0.1151,0.0272,0.1003,0.0534,0.1063,0.0962,0.0341,0.0775,0.0661,0.0221,0.0497,0.074,0.0154,0.068,0.0607,0.0426
0.5102,0.4736,0.4785,0.5955,0.5127,0.4368,0.5322,0.5419,0.4581,0.5173,0.5225,0.452,0.4712,0.458,0.4699,0.4355,0.4803,0.4957,0.5377,0.5199
0.057,0.0521,0.1568,0.0313,0.1641,0.0528,0.0865,0.0644,0.0738,0.0871,0.0404,0.0701,0.0664,0.0921,0.1055,0.1149,0.0942,0.0237,0.1281,0.0982
0.0637,0.0982,0.0726,0.0929,0.1116,0.0527,0.0685,0.0596,0.0379,0.0474,0.0359,0.1441,0.0416,0.0495,0.032,0.0498,0.1037,0.0444,0.0844,0.0888
0.3099,0.262,0.2687,0.3117,0.3205,0.2322,0.2738,0.3063,0.2772,0.3088,0.2978,0.2672,0.3058,0.2609,0.3264,0.3099,0.2973,0.2749,0.2987,0.3048
0.9428,0.9796,0.8796,0.9215,0.9345,0.9365,0.9049,0.9115,0.9421,0.9493,0.9344,0.9471,0.8806,0.994,0.9609,0.9082,0.9449,0.9093,0.9269,0.9773
0.5339,0.5036,0.5219,0.4767,0.5028,0.4754,0.5006,0.5087,0.5161,0.474,0.413,0.4931,0.505,0.5057,0.4899,0.5199,0.5245,0.4994,0.4867,0.5333
0.2981,0.2728,0.2723,0.2911,0.2973,0.2743,0.2823,0.2868,0.3611,0.3447,0.2775,0.2978,0.3124,0.2563,0.2589,0.2535,0.3291,0.3384,0.2231,0.2943
0.0282,0.1155,0.1106,0.0781,0.1422,0.1074,0.092,0.1102,0.0739,0.0538,0.0789,0.043,0.0375,0.0828,0.0729,0.128,0.1294,0.0683,0.0783,0.0856
0.5099,0.4465,0.4911,0.5022,0.5178,0.4889,0.4667,0.5295,0.5112,0.5019,0.482,0.5394,0.5602,0.464,0.4895,0.4975,0.4812,0.5151,0.5067,0.5271
0.6961,0.7397,0.6859,0.7098,0.7567,0.7021,0.755,0.6643,0.6688,0.7546,0.6463,0.7641,0.6582,0.7385,0.6758,0.7419,0.6469,0.6988,0.7273,0.7068
0.6851,0.7472,0.7135,0.7024,0.7079,0.692,0.7455,0.7315,0.7397,0.7205,0.7331,0.6875,0.7312,0.7126,0.7414,0.6653,0.6748,0.7047,0.7401,0.733
0.8978,0.9229,0.9088,0.8983,0.928,0.9143,0.9583,0.9654,0.9503,0.8797,0.9338,0.9739,0.9559,0.9311,0.9258,0.9517,0.9565,0.9103,0.8724,0.8877
0.9187,0.922,0.946,0.9791,0.9224,0.9075,0.9504,0.8872,0.9331,0.9608,0.9231,0.8674,0.8872,0.8584,0.9157,0.9398,0.9095,0.9148,0.8707,0.9503
0.5377,0.5576,0.478,0.486,0.4904,0.5115,0.4511,0.5216,0.5623,0.4963,0.4897,0.5153,0.4553,0.4934,0.4764,0.4993,0.4896,0.483,0.4975,0.5248
0.4895,0.5141,0.4996,0.4941,0.4598,0.4397,0.4934,0.5082,0.52,0.4429,0.5033,0.5049,0.4205,0.523,0.5083,0.5484,0.497,0.5064,0.467,0.4528
0.9361,0.965,0.8929,0.9422,0.9692,0.8893,0.9244,0.8951,0.928,0.9257,0.9395,0.9664,0.9424,0.9803,0.9534,0.9148,0.906,0.9,0.8746,0.9392
0.9387,0.8953,0.9145,0.8954,0.9574,0.9329,0.9265,0.9473,0.9729,0.8842,0.9756,0.8941,0.9427,0.9639,0.8834,0.9933,0.96,0.9182,0.9687,0.9305
0.1458,0.0702,0.0717,0.0769,0.0922,0.0647,0.1081,0.1218,0.0658,0.0995,0.0595,0.0875,0.0202,0.1046,0.0933,0.0516,0.0912,0.0403,0.0884,0.0853
0.9003,0.9507,0.866,0.8639,1.0,0.9294,0.9022,0.9643,0.9632,0.9023,0.9475,0.9432,0.9138,0.9002,0.9717,0.9046,0.9464,0.9398,0.8914,0.8509
0.7006,0.7156,0.6687,0.6936,0.6716,0.6577,0.712,0.7247,0.7601,0.6669,0.7577,0.7524,0.6851,0.6592,0.6818,0.6805,0.7324,0.7507,0.7336,0.7646
0.0558,0.0791,0.0583,0.0,0.0903,0.0761,0.055,0.1159,0.093,0.1379,0.0352,0.0865,0.0869,0.073,0.0399,0.0607,0.0,0.0432,0.081,0.1207
0.9038,0.9798,0.9431,0.9284,0.9443,0.8513,0.9383,0.9065,0.9654,0.9365,0.9045,0.9574,0.9213,0.913,0.9423,0.975,0.8835,0.9453,0.9832,0.9999
0.0642,0.0576,0.0402,0.1009,0.1116,0.0912,0.118,0.1217,0.0721,0.0761,0.0818,0.0676,0.0717,0.11,0.1297,0.0375,0.1021,0.078,0.0876,0.0958
0.9464,0.9448,0.954,0.9416,0.8672,0.9227,0.836,0.9719,0.9256,0.9238,0.8756,0.9834,0.9715,0.9192,0.8654,0.939,0.9307,0.8909,0.9328,0.8807
0.6901,0.749,0.699,0.7032,0.6819,0.6897,0.7308,0.7481,0.7742,0.7192,0.7446,0.7646,0.6729,0.6705,0.6922,0.7174,0.7063,0.7609,0.7908,0.7776
0.0688,0.0498,0.0202,0.0485,0.125,0.0797,0.1219,0.0327,0.0618,0.0937,0.0726,0.1195,0.0862,0.0028,0.108,0.0589,0.0893,0.0328,0.06,0.0445
0.0423,0.0604,0.0816,0.0528,0.0838,0.0591,0.0304,0.0965,0.0976,0.1155,0.0385,0.0917,0.0387,0.0209,0.0626,0.0669,0.118,0.0556,0.1202,0.0875
0.7275,0.7424,0.7176,0.7424,0.7656,0.7425,0.7225,0.7075,0.739,0.7302,0.7059,0.7526,0.6743,0.7129,0.6859,0.7158,0.7396,0.6784,0.7111,0.666
0.9164,0.9482,0.9187,0.9079,0.8694,0.9145,0.9477,0.9358,0.9364,0.8756,0.9333,0.8569,0.9062,0.9425,0.9203,0.9332,0.9356,0.9734,0.9309,0.9203
0.538,0.5199,0.4515,0.4325,0.5316,0.4835,0.4729,0.4766,0.521,0.4611,0.5266,0.4554,0.5256,0.5241,0.4722,0.47,0.4494,0.5499,0.5989,0.4837
0.5248,0.4852,0.5102,0.5368,0.5744,0.478,0.5532,0.5075,0.5047,0.4952,0.4852,0.5682,0.5304,0.4984,0.4399,0.4957,0.5087,0.5107,0.5008,0.4975
0.675,0.7133,0.6877,0.6902,0.6673,0.7705,0.721,0.6935,0.7198,0.7341,0.732,0.7182,0.7469,0.7056,0.7505,0.7143,0.7234,0.6858,0.7261,0.6666
0.0803,0.0803,0.0521,0.0546,0.0649,0.0688,0.0497,0.049,0.0873,0.0551,0.0705,0.0811,0.0708,0.0712,0.0514,0.0181,0.107,0.0846,0.081,0.1009
0.4956,0.574,0.4824,0.4845,0.4914,0.4541,0.5205,0.4525,0.538,0.5083,0.4817,0.4996,0.4351,0.5278,0.4421,0.487,0.4416,0.5515,0.5,0.4973
0.4926,0.5078,0.4797,0.4963,0.5084,0.4989,0.5026,0.4968,0.4762,0.511,0.4881,0.5345,0.4511,0.469,0.4667,0.4664,0.4813,0.4843,0.4761,0.4514
0.0935,0.0532,0.0502,0.1503,0.0736,0.0424,0.1256,0.1025,0.1042,0.0769,0.0303,0.0849,0.1213,0.0909,0.0243,0.0781,0.0711,0.083,0.104,0.0624
0.9006,0.9011,0.949,0.9493,0.9447,0.8964,0.906,0.922,0.8757,0.8653,0.8945,0.9444,0.8995,0.9615,0.8953,0.9457,0.9566,0.9504,0.967,0.9274
0.7604,0.736,0.6808,0.7375,0.7322,0.716,0.7125,0.6992,0.7273,0.6775,0.7346,0.7335,0.7001,0.6963,0.721,0.7021,0.7431,0.6465,0.6894,0.7118
0.7474,0.7509,0.7248,0.7192,0.7527,0.69,0.7542,0.6949,0.7736,0.712,0.7995,0.6893,0.6679,0.6847,0.7344,0.7315,0.6989,0.7122,0.7512,0.7286
0.3318,0.2882,0.2438,0.2689,0.2601,0.27,0.3165,0.3115,0.3186,0.3137,0.2444,0.263,0.2999,0.3113,0.2246,0.2716,0.3443,0.2357,0.2938,0.2588
0.0845,0.0697,0.0598,0.0464,0.0513,0.0443,0.0684,0.0124,0.049,0.0727,0.0175,0.0761,0.0597,0.0382,0.0414,0.0161,0.133,0.1088,0.0925,0.1262
0.4325,0.5449,0.5382,0.458,0.5632,0.5189,0.4812,0.4647,0.517,0.5283,0.4957,0.496,0.4805,0.5357,0.4969,0.4904,0.4387,0.4936,0.5518,0.4935
0.5266,0.5534,0.4983,0.4882,0.4917,0.4863,0.5039,0.4823,0.4984,0.4842,0.5268,0.5331,0.4927,0.4445,0.4997,0.5265,0.4904,0.4786,0.5143,0.5389
0.1318,0.0813,0.0578,0.0675,0.1236,0.043,0.0483,0.1127,0.0345,0.0686,0.0235,0.1195,0.0386,0.0721,0.0225,0.0543,0.0588,0.0564,0.0,0.1188
0.5035,0.4954,0.4758,0.5131,0.5315,0.429,0.5348,0.5256,0.5869,0.472,0.5021,0.5678,0.4849,0.4558,0.4837,0.4899,0.5205,0.4778,0.5138,0.4983
0.4981,0.491,0.4691,0.4567,0.4883,0.4445,0.5224,0.4872,0.5216,0.4817,0.5005,0.5134,0.4836,0.4726,0.5489,0.4992,0.4947,0.5144,0.5035,0.4985
0.2829,0.2745,0.3003,0.281,0.2572,0.3243,0.256,0.2929,0.3093,0.3146,0.2511,0.262,0.2583,0.2733,0.2772,0.3262,0.2438,0.2932,0.2599,0.2784
0.7375,0.755,0.6934,0.6493,0.7391,0.704,0.7158,0.7011,0.7055,0.7041,0.7773,0.7164,0.672,0.6901,0.6498,0.7407,0.7023,0.6612,0.7402,0.674
0.4704,0.5198,0.5295,0.5089,0.4249,0.4479,0.5305,0.5203,0.4547,0.4717,0.4353,0.5405,0.5128,0.4892,0.5306,0.496,0.5033,0.5102,0.5165,0.5641
0.4869,0.5025,0.5343,0.5406,0.5171,0.4021,0.5162,0.4706,0.5055,0.5168,0.4736,0.5241,0.5263,0.5025,0.5439,0.5527,0.5064,0.4816,0.5489,0.4931
1.0,0.9596,0.9239,0.9191,0.8857,0.8448,0.8855,1.0,0.9082,0.8983,0.9787,0.9228,0.8705,0.8502,0.9404,0.9455,0.9048,0.9693,0.9403,0.8483
0.3101,0.2804,0.2633,0.2797,0.3195,0.2606,0.2867,0.3071,0.2733,0.3218,0.3235,0.356,0.3254,0.2495,0.2073,0.3953,0.2979,0.2544,0.3276,0.3406
0.9266,0.9956,0.9326,0.9408,0.8895,0.8927,0.9385,0.9025,0.9382,0.9512,0.9755,0.952,0.9715,0.887,0.9728,0.8958,0.9101,0.9376,0.9301,0.9469
0.1129,0.1018,0.1107,0.0715,0.1202,0.082,0.0631,0.0864,0.0794,0.1385,0.0289,0.0907,0.0762,0.0029,0.0055,0.0904,0.126,0.0274,0.093,0.1142
0.3261,0.3106,0.2703,0.2855,0.3077,0.2745,0.2672,0.2886,0.264,0.2765,0.3278,0.2634,0.2757,0.2826,0.2832,0.2618,0.2731,0.2813,0.2929,0.2726
0.0827,0.0362,0.0899,0.0935,0.0847,0.0776,0.075,0.0568,0.0497,0.0535,0.0725,0.1129,0.0185,0.0656,0.105,0.0594,0.1143,0.0763,0.0805,0.1052
0.3434,0.2931,0.3072,0.2263,0.3038,0.3085,0.2773,0.2874,0.2926,0.2586,0.2921,0.3336,0.2951,0.2792,0.2719,0.2833,0.3004,0.2407,0.289,0.2925
0.8876,0.9406,0.9569,0.8817,0.9133,0.8368,0.9083,0.9345,0.9384,0.8908,0.9422,0.9134,0.9365,0.9147,0.9278,0.9271,0.8967,0.8511,0.9347,0.9176
0.0785,0.1091,0.1288,0.056,0.134,0.0396,0.102,0.0711,0.088,0.1097,0.0898,0.0842,0.07,0.072,0.044,0.0786,0.0935,0.1015,0.0543,0.0757
0.7136,0.7419,0.7092,0.6923,0.7522,0.7245,0.7287,0.7654,0.7034,0.7358,0.6923,0.7588,0.7043,0.7191,0.7317,0.6991,0.7048,0.7247,0.7533,0.7476
0.9244,0.9557,1.0,0.9168,0.9186,0.8941,0.9161,0.8732,0.955,0.9347,0.9096,0.957,0.8882,0.9188,0.9014,0.9587,0.8894,0.9398,0.926,0.9261
0.0,0.1172,0.071,0.056,0.1056,0.0667,0.0615,0.0285,0.1184,0.0663,0.0272,0.034,0.0379,0.01,0.0822,0.0798,0.0959,0.0573,0.1174,0.042
0.7089,0.6969,0.7307,0.6349,0.7474,0.6863,0.725,0.6667,0.7391,0.6883,0.7285,0.7645,0.7179,0.7761,0.6424,0.7306,0.7071,0.6526,0.7445,0.6888
0.7071,0.689,0.5885,0.7438,0.7327,0.7026,0.7205,0.6842,0.7357,0.7008,0.7031,0.6903,0.7123,0.7336,0.7029,0.6526,0.7114,0.7161,0.7074,0.7027
0.7168,0.7643,0.7395,0.6984,0.7355,0.694,0.7131,0.7171,0.7092,0.7533,0.6794,0.741,0.6474,0.7008,0.7198,0.6985,0.7034,0.7688,0.6571,0.6643
0.7064,0.6919,0.7867,0.7274,0.7464,0.7037,0.7213,0.6971,0.7383,0.6829,0.7063,0.7782,0.6827,0.693,0.721,0.6846,0.7128,0.7289,0.7109,0.6935
0.8824,0.9266,0.9654,0.888,0.9001,0.8899,0.944,0.9243,0.9605,0.8878,0.9009,0.9554,0.8995,0.9065,0.9132,0.8942,0.9098,0.9756,0.9294,0.9533
0.7192,0.7059,0.7239,0.694,0.7055,0.678,0.7725,0.7437,0.7083,0.7362,0.6928,0.7743,0.7146,0.7162,0.6686,0.6406,0.668,0.7267,0.7243,0.7079
0.7236,0.6645,0.7136,0.7132,0.7365,0.6984,0.6391,0.7599,0.7159,0.687,0.7518,0.7454,0.6683,0.7292,0.751,0.6979,0.71,0.6805,0.713,0.711
0.2689,0.2257,0.2604,0.2752,0.3097,0.2461,0.2542,0.2727,0.3044,0.347,0.2401,0.2408,0.2834,0.2331,0.2226,0.3101,0.2943,0.2534,0.3273,0.3366
0.5319,0.5092,0.5179,0.4605,0.5282,0.4474,0.5011,0.5026,0.5376,0.5283,0.5065,0.4988,0.5083,0.4758,0.488,0.4867,0.5231,0.4698,0.4786,0.5374
0.9714,0.986,0.9339,0.8535,0.909,0.8792,0.8726,0.9417,0.9831,0.955,0.9368,0.9976,0.9182,0.9506,0.9531,0.9244,0.9115,0.8767,0.9425,0.9215
0.3036,0.2712,0.2851,0.3103,0.2944,0.2207,0.2702,0.2661,0.2792,0.3666,0.3032,0.2666,0.265,0.2411,0.2551,0.2446,0.2914,0.2728,0.2176,0.3325
0.3194,0.2971,0.3208,0.2846,0.3183,0.241,0.3201,0.2983,0.3486,0.2742,0.273,0.3191,0.2803,0.2875,0.2222,0.2393,0.32,0.2792,0.2622,0.2471
0.5612,0.4531,0.4775,0.535,0.4968,0.5128,0.5253,0.5207,0.5298,0.5201,0.5068,0.5196,0.4533,0.4945,0.5031,0.5051,0.5106,0.4642,0.5021,0.4909
0.7116,0.7155,0.7569,0.7229,0.7059,0.7236,0.7208,0.6881,0.7207,0.7638,0.7637,0.7222,0.6859,0.6652,0.7064,0.752,0.699,0.6964,0.7224,0.6972
0.9205,0.9379,0.911,0.9535,0.9433,0.9086,0.993,0.9379,0.9161,0.9539,0.9411,0.9152,0.8577,0.9067,0.9115,0.9702,0.8888,0.9547,0.9371,0.9288
0.9089,0.9659,0.9529,0.9312,0.9253,0.9054,0.9094,0.8803,0.9221,0.9625,0.9122,0.9692,0.9076,0.8951,0.9607,0.9435,1.0,0.9106,0.9236,0.9678
0.6707,0.7793,0.6743,0.8013,0.7076,0.6974,0.7579,0.6999,0.7542,0.7162,0.8126,0.747,0.6632,0.6784,0.6929,0.704,0.7262,0.7221,0.7344,0.754
0.0815,0.0867,0.0826,0.0873,0.1189,0.0383,0.0951,0.0359,0.0846,0.0623,0.1325,0.0686,0.0361,0.061,0.0408,0.1056,0.0416,0.0646,0.1303,0.1091
0.4387,0.5298,0.5023,0.4979,0.5519,0.4925,0.5553,0.5271,0.4983,0.5387,0.5168,0.466,0.4858,0.5116,0.5029,0.5425,0.4955,0.4787,0.4676,0.5375
0.737,0.7907,0.6835,0.7406,0.737,0.6728,0.7077,0.6679,0.6996,0.6977,0.7182,0.7694,0.7253,0.66,0.6757,0.6762,0.7234,0.7212,0.7273,0.6969
0.5259,0.5467,0.5334,0.4921,0.5131,0.5084,0.5451,0.5058,0.5221,0.5296,0.5366,0.5162,0.5026,0.4943,0.5424,0.4756,0.5733,0.4504,0.4507,0.5173
0.8804,0.8931,0.9083,0.9181,0.9307,0.9158,0.9287,0.9689,0.9428,0.9361,0.8665,0.9945,0.9007,0.8647,0.9219,0.9351,0.886,0.9202,0.8796,0.9114
0.2772,0.257,0.2183,0.3724,0.25,0.2422,0.2732,0.2751,0.296,0.3002,0.2882,0.2985,0.2844,0.3086,0.2638,0.2482,0.2476,0.3525,0.2584,0.3124
0.5185,0.5536,0.4576,0.5148,0.5022,0.4712,0.5405,0.5152,0.4506,0.4808,0.4877,0.5425,0.4748,0.4543,0.4903,0.5046,0.5027,0.4956,0.5135,0.5015
0.2745,0.3363,0.3162,0.2974,0.2936,0.2971,0.2776,0.2861,0.2573,0.2599,0.2745,0.2524,0.2771,0.295,0.2704,0.2891,0.297,0.2593,0.307,0.2395
0.0983,0.0935,0.046,0.0407,0.1368,0.0487,0.1025,0.0852,0.0602,0.0972,0.073,0.0776,0.1104,0.0637,0.0818,0.0684,0.068,0.0281,0.0736,0.0885
0.5018,0.5103,0.474,0.541,0.413,0.5366,0.5646,0.4225,0.5195,0.4572,0.5262,0.5173,0.4796,0.5191,0.4958,0.5175,0.4957,0.5131,0.5382,0.4258
0.3246,0.293,0.241,0.2674,0.2965,0.243,0.2918,0.2977,0.3271,0.2999,0.2646,0.2343,0.2983,0.3292,0.225,0.2937,0.2897,0.2748,0.2986,0.2309
0.7041,0.7507,0.6804,0.7376,0.7559,0.6809,0.6793,0.7356,0.7419,0.7875,0.639,0.7685,0.6995,0.7025,0.6851,0.7025,0.6729,0.7181,0.6795,0.7155
0.3005,0.2691,0.2692,0.3196,0.2855,0.2896,0.288,0.3101,0.2871,0.3343,0.2589,0.3058,0.3169,0.2107,0.2745,0.3045,0.2816,0.3019,0.2833,0.2662
0.7086,0.7444,0.7697,0.7296,0.7084,0.7378,0.745,0.7113,0.6998,0.7141,0.7692,0.7572,0.71,0.681,0.697,0.7214,0.6928,0.7674,0.7439,0.7095
0.3119,0.2798,0.2771,0.2929,0.2903,0.3283,0.3066,0.3007,0.275,0.2751,0.2668,0.2927,0.2404,0.2463,0.2942,0.2757,0.3029,0.3388,0.3086,0.2865
0.0702,0.107,0.0654,0.0348,0.1398,0.0264,0.0776,0.0707,0.0827,0.0542,0.0659,0.1108,0.0132,0.0585,0.0551,0.0907,0.114,0.1044,0.0772,0.0805
0.0983,0.1022,0.1169,0.0732,0.0837,0.0573,0.0949,0.0851,0.0345,0.1166,0.0892,0.0374,0.0398,0.0941,0.0393,0.1274,0.1043,0.1087,0.0541,0.108
0.7378,0.7172,0.7532,0.6973,0.6844,0.6607,0.6962,0.6932,0.7032,0.7373,0.718,0.6863,0.7348,0.6934,0.6581,0.731,0.6845,0.7023,0.7321,0.6877
0.4707,0.5146,0.502,0.4628,0.4777,0.5367,0.4768,0.4761,0.4661,0.5383,0.504,0.5657,0.4693,0.4632,0.4413,0.5346,0.4983,0.4622,0.5341,0.5506
0.3235,0.3115,0.2384,0.2834,0.3785,0.2627,0.3122,0.2977,0.2356,0.3145,0.3511,0.2813,0.277,0.2902,0.2842,0.3077,0.2771,0.3269,0.2995,0.3264
0.2928,0.3001,0.3238,0.261,0.3339,0.2585,0.3118,0.2687,0.3238,0.2692,0.2866,0.2815,0.3159,0.308,0.264,0.2331,0.239,0.2885,0.2697,0.2866
0.9474,0.9291,0.9496,0.8997,0.9071,0.8962,0.9189,0.9259,0.9351,0.9453,0.9518,0.8896,0.8972,0.957,0.8961,0.9123,0.9564,0.9298,0.8546,0.9013
0.4989,0.5269,0.4556,0.41,0.4578,0.4551,0.4669,0.5226,0.5572,0.4967,0.5315,0.4893,0.4924,0.463,0.5133,0.4732,0.5166,0.4768,0.5319,0.4716
0.6792,0.6977,0.6913,0.7045,0.764,0.6726,0.7445,0.6886,0.7236,0.6908,0.6922,0.7053,0.7235,0.7359,0.6436,0.7517,0.7334,0.6861,0.7326,0.7403
0.2808,0.2953,0.3081,0.2465,0.3293,0.2652,0.2989,0.2287,0.2801,0.3393,0.3384,0.2652,0.3064,0.2523,0.2733,0.2544,0.3438,0.2864,0.2664,0.2796
0.2994,0.3363,0.2624,0.2628,0.3041,0.3103,0.3228,0.2928,0.2888,0.2065,0.2996,0.3088,0.2564,0.2887,0.2886,0.28,0.2485,0.2724,0.3479,0.2683
0.3021,0.3408,0.2871,0.257,0.312,0.2685,0.307,0.2902,0.2788,0.3026,0.3385,0.333,0.2843,0.2158,0.2836,0.275,0.2943,0.3304,0.2683,0.2703
0.4828,0.5612,0.4821,0.4155,0.5495,0.4524,0.5159,0.5113,0.5173,0.5414,0.4596,0.4679,0.5561,0.5266,0.4878,0.4999,0.498,0.4652,0.5317,0.4654
0.7626,0.7566,0.7375,0.7361,0.73,0.7395,0.6673,0.6761,0.7554,0.7171,0.7248,0.7292,0.683,0.733,0.7291,0.6967,0.7045,0.6948,0.7122,0.7838
0.2967,0.3191,0.3126,0.3515,0.3181,0.2431,0.3022,0.2964,0.3214,0.3164,0.2952,0.3152,0.3195,0.2774,0.2487,0.2685,0.2688,0.3062,0.3201,0.2716
0.9353,0.9521,0.9328,0.9027,0.9474,0.9129,0.8858,0.9979,0.8946,0.8608,0.96,0.9244,0.8826,0.8918,0.8886,0.9287,0.9183,0.923,1.0,0.9377
0.5053,0.5411,0.5589,0.4656,0.5336,0.4324,0.4916,0.5327,0.5563,0.4704,0.5102,0.5592,0.4895,0.4449,0.4886,0.5032,0.4789,0.5302,0.5212,0.4697
0.5396,0.4745,0.4832,0.4863,0.5182,0.4404,0.4468,0.457,0.4835,0.4909,0.4752,0.5474,0.5298,0.5353,0.4942,0.5648,0.5108,0.4562,0.4859,0.52
0.2533,0.2667,0.2598,0.2692,0.3442,0.2234,0.2662,0.2626,0.2925,0.3548,0.2598,0.3478,0.2757,0.2449,0.2744,0.3206,0.2674,0.2664,0.2336,0.3261
0.3109,0.2839,0.2868,0.2789,0.2865,0.2694,0.3039,0.2893,0.3318,0.314,0.2932,0.3117,0.2258,0.2438,0.2844,0.2857,0.2685,0.2674,0.2917,0.3094
0.9624,0.9148,0.9066,0.9407,0.9289,0.8832,0.9102,0.8676,0.903,0.928,0.9196,0.9115,0.9113,0.9127,0.9525,0.9344,0.9576,0.9007,0.8685,0.8931
0.714,0.7347,0.733,0.68,0.7279,0.7181,0.6739,0.7131,0.718,0.6862,0.6543,0.6822,0.7076,0.674,0.7351,0.7056,0.7659,0.6723,0.7285,0.7358
0.2708,0.3139,0.2828,0.3031,0.269,0.2663,0.3322,0.2521,0.3409,0.3446,0.2551,0.3059,0.3171,0.2536,0.3027,0.2805,0.2646,0.2853,0.2605,0.2837
0.945,0.8955,0.8948,0.9404,0.9572,0.8848,0.9694,0.9386,0.9757,0.9262,0.906,0.9498,0.9297,0.9045,0.9484,0.9003,0.8509,0.9437,0.9173,0.9081
0.019,0.0606,0.02,0.1094,0.0823,0.0699,0.1004,0.027,0.0884,0.1,0.0349,0.0749,0.0387,0.0752,0.0646,0.0322,0.0414,0.0885,0.0725,0.0523
0.2713,0.292,0.3043,0.3181,0.3163,0.216,0.3354,0.305,0.2962,0.2662,0.2696,0.2717,0.3139,0.2964,0.3521,0.369,0.3059,0.2812,0.3286,0.2718
0.2948,0.253,0.2801,0.2999,0.3184,0.2378,0.308,0.2551,0.2948,0.3125,0.2955,0.2978,0.2494,0.285,0.253,0.2328,0.2638,0.2913,0.3113,0.3485
0.7478,0.736,0.722,0.7352,0.6477,0.6856,0.6641,0.7778,0.7019,0.7222,0.6926,0.7298,0.6652,0.6591,0.723,0.6703,0.7509,0.6975,0.7317,0.677
0.2523,0.3649,0.2598,0.2547,0.3069,0.2611,0.1915,0.309,0.3239,0.3249,0.2711,0.3267,0.2905,0.3058,0.3005,0.2643,0.2161,0.2706,0.3006,0.3442
0.3197,0.2937,0.2275,0.305,0.3503,0.2363,0.3005,0.288,0.3023,0.2548,0.251,0.3326,0.2737,0.3081,0.28,0.2645,0.3041,0.2855,0.2915,0.2873
0.3199,0.3146,0.2543,0.2889,0.2936,0.2743,0.2976,0.3401,0.3063,0.2726,0.2753,0.2832,0.2901,0.2896,0.2624,0.3307,0.282,0.2257,0.3339,0.2973
0.4823,0.4859,0.4565,0.5076,0.5172,0.4608,0.5371,0.4762,0.5145,0.5224,0.5238,0.4985,0.4663,0.4932,0.4469,0.4698,0.4893,0.5075,0.5616,0.4739
0.9126,0.8984,0.9176,0.8992,0.9115,0.9213,0.92,0.921,0.9172,0.9541,0.9565,0.9661,0.9077,1.0,0.9376,0.8644,0.9524,0.9248,0.9003,0.8797
0.0841,0.055,0.1111,0.0806,0.064,0.0298,0.0984,0.071,0.0984,0.0999,0.0548,0.0842,0.0937,0.1084,0.0741,0.1254,0.0783,0.0671,0.0662,0.0898
0.9212,0.9604,0.8656,0.908,0.9267,0.8314,1.0,0.8899,0.9395,0.9114,1.0,0.9514,0.8908,0.9069,0.8912,0.9437,0.906,0.9356,0.8666,0.941
0.9796,0.9452,0.9406,0.9189,0.9519,0.9092,0.8976,0.941,0.9661,0.8749,0.9272,0.9293,0.8519,0.9042,0.9634,0.9071,0.9231,0.9045,0.9497,0.8965
0.7242,0.6939,0.6756,0.6977,0.7577,0.6857,0.7513,0.7473,0.6834,0.7521,0.7239,0.7307,0.6963,0.6753,0.7035,0.6828,0.6703,0.7193,0.7081,0.7311
0.3611,0.3397,0.3006,0.2598,0.2786,0.3096,0.3115,0.2983,0.3599,0.2913,0.2913,0.3153,0.2426,0.305,0.3031,0.2876,0.2767,0.3164,0.3105,0.2691
0.0694,0.0842,0.0649,0.0368,0.076,0.0577,0.0756,0.1171,0.1386,0.0764,0.0609,0.0643,0.0486,0.0971,0.0975,0.0598,0.1121,0.1254,0.1112,0.1119
0.869,0.9656,0.9403,0.8748,0.9395,0.9305,0.9664,0.9499,0.9686,0.9458,0.8932,0.9646,0.9712,0.9425,0.844,0.9293,0.9194,0.9486,0.9396,0.9415
0.0242,0.0717,0.0932,0.0565,0.1069,0.0465,0.1106,0.0506,0.0415,0.0734,0.0992,0.0,0.0316,0.0893,0.057,0.0849,0.078,0.0602,0.068,0.0475
0.3132,0.3461,0.2986,0.2944,0.2465,0.2736,0.3268,0.3433,0.3317,0.2864,0.2315,0.2574,0.3551,0.3203,0.3491,0.33,0.2954,0.3119,0.2402,0.2958
0.1315,0.0534,0.1018,0.0966,0.0945,0.0364,0.0741,0.0732,0.0866,0.1042,0.0279,0.0976,0.0258,0.0323,0.0544,0.073,0.0634,0.0843,0.1161,0.1135
0.7287,0.7669,0.7489,0.7551,0.7349,0.6357,0.6947,0.6846,0.7486,0.7944,0.7508,0.7462,0.689,0.7535,0.719,0.7454,0.688,0.7076,0.7463,0.7094
0.4958,0.4863,0.5251,0.4613,0.5178,0.5021,0.5142,0.5138,0.462,0.5176,0.4447,0.5263,0.5499,0.5432,0.4878,0.5466,0.4896,0.4667,0.49,0.5
0.6391,0.7186,0.705,0.7212,0.7604,0.6969,0.6708,0.7386,0.7616,0.703,0.7543,0.7554,0.6723,0.6693,0.7244,0.7535,0.6901,0.6897,0.7417,0.7244
0.8923,0.9259,0.8928,0.8903,0.948,0.9356,0.9339,0.93,0.8719,0.9222,0.916,0.9246,0.9613,0.8858,0.9357,0.9569,0.9341,0.9357,0.9428,0.9583
0.4999,0.4396,0.509,0.5434,0.5141,0.5451,0.4918,0.4948,0.5503,0.5297,0.4896,0.507,0.4949,0.5198,0.4822,0.4794,0.4936,0.4854,0.4544,0.5011
0.932,0.9496,0.9251,0.8743,0.9265,0.9082,0.9263,0.941,0.8839,0.8747,0.9039,0.8666,0.9471,0.9664,0.894,0.9105,0.8639,0.8845,0.9404,0.9928
0.3506,0.2695,0.3345,0.2546,0.3161,0.2771,0.2834,0.2041,0.3286,0.3077,0.2763,0.2546,0.2571,0.3249,0.3085,0.3063,0.2683,0.2994,0.2748,0.2575
0.5275,0.5467,0.4618,0.4928,0.5232,0.462,0.4584,0.5002,0.5076,0.4689,0.5677,0.5479,0.4971,0.4548,0.5272,0.4908,0.5206,0.5074,0.4658,0.5387
0.0472,0.072,0.0893,0.0361,0.0789,0.0273,0.1031,0.1108,0.0889,0.1681,0.1052,0.1125,0.0006,0.0483,0.0661,0.095,0.0815,0.067,0.0784,0.0972
0.5048,0.48,0.4762,0.5234,0.4997,0.5162,0.5515,0.5198,0.463,0.5086,0.4975,0.5271,0.5203,0.5115,0.4636,0.5145,0.4957,0.4894,0.5212,0.5225
0.4777,0.4959,0.4934,0.5427,0.5408,0.5126,0.5116,0.5212,0.4911,0.5772,0.5337,0.5287,0.5041,0.4985,0.4721,0.4851,0.4725,0.4759,0.5162,0.5006
0.5433,0.452,0.5204,0.5304,0.5028,0.4822,0.4927,0.5062,0.479,0.503,0.4965,0.5031,0.4479,0.4895,0.5073,0.513,0.5076,0.4915,0.4933,0.4906
0.3023,0.3287,0.2825,0.2908,0.3629,0.2829,0.3017,0.2961,0.3078,0.2992,0.2775,0.266,0.2668,0.2668,0.2586,0.2738,0.2588,0.3006,0.3059,0.278
0.2987,0.2521,0.2539,0.2438,0.2964,0.2374,0.2835,0.2641,0.3426,0.2729,0.3112,0.288,0.2374,0.2988,0.2326,0.2604,0.3238,0.2501,0.3216,0.2809
0.0666,0.0515,0.0645,0.0213,0.139,0.0816,0.0507,0.0784,0.0947,0.1278,0.1254,0.1018,0.067,0.0514,0.0483,0.0361,0.0805,0.0644,0.0597,0.0416
0.2255,0.3104,0.2826,0.3026,0.2765,0.3316,0.2694,0.2738,0.2546,0.3213,0.2708,0.2772,0.3094,0.2472,0.3059,0.307,0.2574,0.2109,0.3075,0.2714
0.0253,0.0853,0.0014,0.0944,0.0628,0.0407,0.1095,0.0782,0.0927,0.1154,0.0,0.1066,0.0832,0.059,0.0686,0.0405,0.0831,0.1191,0.0669,0.0608
0.3454,0.2918,0.2928,0.3092,0.2622,0.2564,0.2777,0.266,0.246,0.3129,0.2577,0.3023,0.3653,0.2792,0.2653,0.2182,0.2726,0.2849,0.3254,0.3224
0.5414,0.5209,0.5327,0.4627,0.5103,0.4854,0.4892,0.5106,0.5199,0.4972,0.5047,0.5272,0.5073,0.491,0.4603,0.5189,0.5149,0.4845,0.5014,0.5113
0.5356,0.4776,0.4752,0.5253,0.523,0.5232,0.5588,0.5132,0.5069,0.5002,0.5165,0.515,0.5176,0.4857,0.4929,0.5428,0.5206,0.502,0.5093,0.5056
0.7283,0.7257,0.7338,0.7024,0.7401,0.7099,0.7132,0.6657,0.743,0.732,0.7458,0.7341,0.6911,0.7205,0.7477,0.696,0.6856,0.6915,0.7557,0.6939
0.496,0.4454,0.52,0.4864,0.546,0.4974,0.5049,0.4887,0.5093,0.5219,0.4669,0.5644,0.5233,0.4967,0.4641,0.5278,0.5082,0.5542,0.5324,0.5112
0.9358,0.941,0.9048,0.958,0.9618,0.9122,0.9231,0.9104,0.9436,0.9148,0.8986,0.9247,0.9221,0.9201,0.9721,0.9831,0.8804,0.9015,0.9266,1.0
0.4443,0.4853,0.4938,0.4521,0.5436,0.5261,0.4882,0.492,0.5577,0.4882,0.5013,0.4913,0.5126,0.5217,0.4761,0.5073,0.5418,0.5172,0.5294,0.4969
0.6905,0.7656,0.7208,0.7402,0.6986,0.6451,0.6788,0.7184,0.7539,0.7076,0.7032,0.7237,0.6923,0.7058,0.7015,0.7003,0.7753,0.7168,0.7136,0.6686
0.9619,0.9456,0.9649,0.9405,0.9075,0.8568,0.9211,0.9317,0.9239,0.9427,0.9195,0.982,0.8823,0.8862,0.9205,0.9571,0.8659,0.9744,0.8802,0.9107
0.3039,0.3002,0.2852,0.25,0.2545,0.3239,0.3205,0.2525,0.3201,0.2705,0.2557,0.3084,0.2861,0.3031,0.2882,0.2833,0.2727,0.3156,0.3168,0.2472
0.2898,0.2695,0.2647,0.2997,0.3372,0.2781,0.3029,0.2173,0.3119,0.2551,0.2837,0.252,0.2164,0.2574,0.2881,0.3282,0.2973,0.2338,0.2306,0.291
0.7271,0.7401,0.6881,0.6956,0.7106,0.696,0.6655,0.7074,0.7013,0.702,0.7248,0.7496,0.6604,0.7094,0.7047,0.6751,0.7402,0.693,0.7744,0.7343
0.308,0.3295,0.2775,0.3552,0.2843,0.2424,0.3024,0.2994,0.3035,0.284,0.2681,0.2935,0.3082,0.2987,0.2263,0.2895,0.2639,0.2954,0.311,0.3179
0.738,0.7205,0.7483,0.7217,0.7067,0.7087,0.6625,0.7434,0.7407,0.6417,0.7014,0.7809,0.7957,0.6888,0.7316,0.699,0.7301,0.714,0.7226,0.7435
0.2379,0.302,0.2376,0.2939,0.3014,0.3378,0.2475,0.2638,0.3095,0.2584,0.2827,0.2673,0.3352,0.2852,0.289,0.2689,0.2915,0.2616,0.2847,0.3199
0.7282,0.712,0.733,0.7365,0.7234,0.7153,0.6676,0.6865,0.7329,0.7738,0.6765,0.7096,0.7182,0.666,0.7219,0.6722,0.7263,0.7414,0.7527,0.7206
0.0689,0.0738,0.0951,0.0879,0.124,0.0749,0.0863,0.0393,0.1352,0.0631,0.1278,0.1135,0.0971,0.0821,0.0878,0.0975,0.0431,0.0863,0.109,0.1234
0.7275,0.7041,0.7023,0.7406,0.7664,0.7247,0.734,0.7915,0.6933,0.7365,0.7174,0.7561,0.6893,0.6986,0.7028,0.7257,0.7044,0.7588,0.7255,0.7482
0.4699,0.522,0.5354,0.487,0.5199,0.4971,0.5159,0.5397,0.5489,0.5495,0.5129,0.5838,0.4769,0.4659,0.4823,0.468,0.4572,0.5097,0.5265,0.5274
0.8678,0.9799,0.9602,0.9681,0.8697,0.9289,0.949,0.9057,0.9292,0.9252,0.9343,0.9443,0.901,0.9343,0.8321,0.9194,0.9115,0.9248,0.9504,0.9164
0.2388,0.2526,0.2806,0.2961,0.2667,0.2317,0.333,0.266,0.3007,0.3059,0.298,0.3238,0.2545,0.3017,0.3203,0.2461,0.286,0.2352,0.2991,0.2591
0.9162,0.8624,0.9303,0.9307,0.8779,0.9062,0.9322,0.9419,0.9015,0.9677,0.8722,0.9322,0.9727,0.9121,0.9358,0.9799,0.9399,0.9555,0.9037,0.9142
0.0591,0.0736,0.0924,0.1285,0.0414,0.116,0.0499,0.1331,0.0899,0.0758,0.1183,0.1107,0.0304,0.1105,0.0573,0.0729,0.1267,0.0949,0.1008,0.1208
0.3255,0.2763,0.2809,0.313,0.3229,0.2903,0.2819,0.2981,0.2811,0.3047,0.2534,0.303,0.2584,0.279,0.2611,0.3094,0.258,0.3033,0.2843,0.2459
0.0788,0.0683,0.0245,0.099,0.135,0.0618,0.1176,0.0624,0.0277,0.0582,0.0197,0.0939,0.1049,0.0421,0.0642,0.0306,0.0656,0.0409,0.0707,0.1178
0.0807,0.0741,0.0202,0.0823,0.0738,0.1279,0.14,0.1016,0.0834,0.1289,0.0131,0.1457,0.0853,0.1137,0.0343,0.1125,0.0065,0.0385,0.1039,0.0974
0.5212,0.509,0.4394,0.4802,0.4582,0.5285,0.5354,0.5529,0.5419,0.5061,0.5033,0.5345,0.4412,0.4849,0.4671,0.5132,0.4853,0.5155,0.5362,0.5336
0.6937,0.7168,0.6799,0.7155,0.7281,0.6983,0.7097,0.6821,0.6585,0.7551,0.7277,0.6496,0.7073,0.6902,0.7323,0.7463,0.7014,0.675,0.7024,0.7225
0.6663,0.6897,0.7435,0.7074,0.7506,0.6914,0.6795,0.7522,0.746,0.7504,0.7015,0.748,0.7107,0.7719,0.6655,0.7237,0.6724,0.713,0.7287,0.7009
0.3099,0.3698,0.3318,0.3092,0.2972,0.2616,0.3371,0.2753,0.2738,0.2829,0.3012,0.2777,0.2345,0.2888,0.2757,0.2586,0.2993,0.2779,0.3021,0.3313
0.3014,0.2812,0.2836,0.3181,0.3153,0.2345,0.2665,0.2655,0.3507,0.3368,0.2859,0.2941,0.2425,0.3116,0.2874,0.2151,0.2737,0.3632,0.3465,0.3031
0.7567,0.7032,0.7303,0.6464,0.7351,0.7206,0.718,0.7036,0.7484,0.698,0.7721,0.716,0.6882,0.6768,0.7135,0.6946,0.6886,0.727,0.7567,0.6714
0.3005,0.3648,0.2966,0.2678,0.2832,0.2553,0.3256,0.2997,0.2787,0.2792,0.3346,0.2941,0.2881,0.286,0.268,0.3455,0.2959,0.2856,0.3021,0.2599
0.6937,0.7243,0.6596,0.7363,0.7509,0.684,0.7079,0.7204,0.718,0.7252,0.7159,0.7609,0.6712,0.722,0.6822,0.7388,0.7525,0.7353,0.7481,0.7301
0.4419,0.4909,0.5127,0.4918,0.5264,0.5021,0.4995,0.5017,0.5445,0.4679,0.4808,0.5235,0.5201,0.5178,0.5051,0.4992,0.5524,0.4795,0.5205,0.5427
0.922,0.964,0.9672,0.887,0.9087,0.8537,0.8925,0.9532,0.9307,0.9057,0.9515,0.9848,0.9393,0.9023,0.9729,0.9833,0.9515,0.9315,0.9253,0.8824
0.5174,0.457,0.503,0.5244,0.5211,0.4688,0.458,0.4823,0.5737,0.4658,0.5097,0.4995,0.4658,0.4981,0.5284,0.5126,0.4686,0.5321,0.5492,0.5623
0.0897,0.0744,0.0926,0.1307,0.0964,0.0288,0.1012,0.1081,0.1711,0.1229,0.0662,0.0612,0.0237,0.0819,0.1172,0.0465,0.0744,0.0622,0.0056,0.1197
0.6802,0.7227,0.7074,0.727,0.7575,0.6503,0.7907,0.7714,0.6833,0.7301,0.7206,0.733,0.7378,0.6635,0.7264,0.6822,0.7234,0.7317,0.6962,0.7767
0.8862,0.9397,0.9426,0.9202,0.9405,0.9124,0.9225,0.9345,0.9268,0.8953,0.8851,0.9546,0.9129,0.8948,0.9213,0.9522,0.9692,0.9052,0.9754,0.9174
0.7252,0.7513,0.7159,0.7268,0.7398,0.638,0.7461,0.6842,0.7548,0.6945,0.7239,0.7148,0.6702,0.7203,0.7354,0.6533,0.6948,0.7338,0.7299,0.7739
0.6505,0.7355,0.7189,0.7056,0.7089,0.7002,0.7548,0.7015,0.765,0.6763,0.714,0.6883,0.7084,0.7418,0.7075,0.7383,0.7429,0.6559,0.7518,0.7582
0.8925,0.9528,0.8833,0.9322,0.9079,0.9187,0.9615,0.9594,0.915,0.9272,0.9506,0.9606,0.9044,0.942,0.9717,0.9234,0.889,0.9195,0.9129,0.9528
0.9284,0.9353,0.9219,0.94,0.9365,0.9437,0.9661,0.9527,0.9246,0.9175,0.9415,0.9639,0.9252,0.949,0.8853,0.9178,0.8829,0.9587,0.8759,0.8976
0.2645,0.2885,0.2978,0.2285,0.2491,0.2873,0.2642,0.3142,0.2851,0.3065,0.2609,0.2159,0.281,0.2945,0.2732,0.3242,0.2786,0.2712,0.3221,0.2769
0.0888,0.0835,0.0389,0.0472,0.1384,0.0752,0.1007,0.0704,0.0603,0.038,0.0667,0.08,0.084,0.0859,0.0994,0.1071,0.0951,0.0814,0.0783,0.1331
0.0591,0.1263,0.1096,0.0641,0.0902,0.033,0.0721,0.0778,0.0957,0.0514,0.0966,0.0618,0.0901,0.0327,0.0136,0.0599,0.0928,0.0382,0.0698,0.0884
0.0713,0.0473,0.1294,0.146,0.0887,0.0694,0.0924,0.0644,0.0801,0.01,0.0752,0.0754,0.0912,0.0237,0.064,0.0671,0.1162,0.0439,0.1123,0.1184
0.2611,0.3033,0.3212,0.2821,0.3494,0.252,0.254,0.2453,0.275,0.3823,0.2419,0.3033,0.2884,0.2581,0.3081,0.3207,0.3087,0.3081,0.3102,0.2301
0.0957,0.0979,0.1033,0.0986,0.1104,0.0685,0.0567,0.0604,0.1064,0.1504,0.0965,0.0548,0.0732,0.0307,0.0758,0.0167,0.0535,0.0906,0.0757,0.0556
0.2535,0.3149,0.2474,0.3159,0.3001,0.2409,0.292,0.3387,0.3064,0.347,0.2757,0.2623,0.2207,0.2906,0.2744,0.3192,0.3106,0.266,0.3082,0.3048
0.9531,0.8773,0.8815,0.9361,0.9478,0.8908,0.9401,0.9152,0.9503,0.9038,0.9515,0.9564,0.91,0.8656,0.8672,0.9493,0.8983,0.9071,0.9088,0.9243
0.3072,0.3319,0.2278,0.2857,0.2701,0.2577,0.303,0.3247,0.3533,0.314,0.2578,0.2542,0.2969,0.3356,0.3178,0.3184,0.3016,0.3001,0.3207,0.2776
0.8638,0.8816,0.897,0.9102,0.8697,0.8964,0.9237,0.8984,0.9012,0.8787,0.9211,1.0,0.9185,0.8848,0.9152,0.9478,0.9819,0.9379,0.9138,0.9244
0.7154,0.7089,0.7138,0.7165,0.745,0.6856,0.7166,0.7832,0.7651,0.7041,0.7389,0.7545,0.6863,0.7386,0.6866,0.6986,0.74,0.7133,0.7075,0.7
0.8832,0.9888,0.9179,0.9397,0.9357,0.8961,0.9142,0.9289,0.9561,0.8447,0.9238,0.9788,0.881,0.9299,0.9074,0.8686,0.9212,0.9289,0.9116,0.9251
0.6284,0.6871,0.7104,0.7844,0.7153,0.7253,0.657,0.7374,0.7463,0.6451,0.7432,0.6902,0.754,0.7101,0.6832,0.7528,0.7471,0.7127,0.7241,0.7059
0.0499,0.0611,0.0879,0.082,0.0646,0.0753,0.1105,0.0478,0.0762,0.1122,0.0301,0.1037,0.05,0.0443,0.0356,0.0398,0.0714,0.0866,0.1194,0.0496
0.518,0.5009,0.4946,0.5004,0.5204,0.4608,0.4796,0.4868,0.552,0.5371,0.5383,0.5034,0.471,0.4459,0.4514,0.5285,0.541,0.456,0.5149,0.4997
0.4991,0.5945,0.4889,0.5173,0.5891,0.5172,0.5162,0.5319,0.4949,0.4983,0.5289,0.4882,0.4722,0.5684,0.5764,0.5572,0.4662,0.4727,0.5058,0.4453
0.5592,0.4971,0.5297,0.4915,0.4369,0.5209,0.5206,0.4918,0.4793,0.5078,0.522,0.4776,0.5145,0.4705,0.493,0.4983,0.4669,0.495,0.5041,0.4706
0.4936,0.5005,0.5473,0.4811,0.5497,0.4173,0.4662,0.5028,0.5154,0.5344,0.48,0.597,0.5175,0.4855,0.4529,0.495,0.5087,0.5227,0.493,0.5359
0.7484,0.7266,0.7443,0.6869,0.6766,0.6544,0.7128,0.6898,0.7172,0.7089,0.7112,0.7276,0.7226,0.7232,0.7485,0.7359,0.6709,0.6959,0.6886,0.7117
0.4423,0.4728,0.485,0.4723,0.5937,0.4906,0.5055,0.4617,0.5571,0.4686,0.4639,0.5025,0.5447,0.4585,0.4516,0.561,0.5,0.5336,0.508,0.4957
0.341,0.2673,0.2357,0.2513,0.2848,0.2959,0.311,0.3007,0.2775,0.2831,0.2963,0.2601,0.3058,0.2461,0.2631,0.2936,0.2595,0.305,0.309,0.2974
0.73,0.7729,0.7632,0.6824,0.7137,0.6598,0.6664,0.6432,0.7541,0.7018,0.7279,0.7345,0.6857,0.6874,0.6938,0.7009,0.7087,0.6869,0.7462,0.7141
0.9292,0.9218,0.9034,0.8567,0.9052,0.8901,0.9072,0.974,0.9175,0.9365,0.8997,0.9261,0.9664,0.9273,0.9238,0.9304,0.9043,0.9749,0.9629,0.9435
0.6801,0.716,0.7357,0.6861,0.7365,0.6861,0.7318,0.684,0.7767,0.7259,0.6895,0.714,0.7003,0.6872,0.7432,0.6969,0.6789,0.7725,0.7283,0.7659
0.0996,0.0295,0.1076,0.0027,0.1458,0.0611,0.0555,0.117,0.0482,0.1012,0.0666,0.0711,0.058,0.1047,0.0406,0.0678,0.1432,0.0339,0.0841,0.0298
0.9098,0.9102,0.8859,0.9149,0.9047,0.9974,0.912,0.9307,0.9351,0.8818,0.8978,0.9082,0.947,0.9041,0.9301,0.9418,0.9175,0.9126,0.9149,0.9632
0.9411,0.9219,0.9352,0.8907,0.944,0.8939,0.9198,0.9156,0.9344,0.9304,0.9527,0.9311,0.9248,0.8933,0.9021,0.8938,0.9275,0.9044,0.9328,0.8757
0.7204,0.7565,0.7264,0.6298,0.717,0.6851,0.6889,0.6699,0.7593,0.7571,0.6885,0.718,0.7477,0.7102,0.6651,0.7259,0.6868,0.7455,0.7109,0.7797
0.2675,0.2945,0.2714,0.2903,0.2884,0.2678,0.3365,0.2479,0.3508,0.2635,0.1965,0.2807,0.236,0.2971,0.2798,0.3134,0.3125,0.2873,0.3355,0.3665
0.7282,0.6848,0.6536,0.7432,0.6923,0.7154,0.7639,0.7323,0.6968,0.7586,0.7185,0.7414,0.6508,0.6688,0.7455,0.671,0.6921,0.7242,0.6671,0.745
0.5273,0.4935,0.5511,0.4965,0.5525,0.5066,0.4415,0.4865,0.4881,0.5239,0.5157,0.4796,0.4764,0.4471,0.4421,0.4219,0.5251,0.4867,0.5236,0.4742
0.6958,0.7032,0.7411,0.7214,0.7459,0.6541,0.7286,0.7325,0.7483,0.7411,0.7098,0.7428,0.741,0.7491,0.7133,0.7191,0.7385,0.7287,0.7381,0.6688
0.6964,0.7208,0.7328,0.7643,0.7408,0.7108,0.7402,0.7102,0.6719,0.7277,0.6937,0.7613,0.6583,0.6646,0.7124,0.717,0.7806,0.6778,0.757,0.7089
0.908,0.9458,0.9415,0.9279,0.9666,0.9361,0.9187,0.9072,0.9355,0.9308,0.9591,0.9434,0.8709,0.9008,0.8874,0.92,0.9438,0.926,0.9155,0.9445
0.8983,0.9799,0.9249,0.8937,0.932,0.9102,0.9235,0.912,0.9198,0.9591,0.9803,0.9437,0.991,0.8821,0.9554,0.9415,0.9376,0.9315,0.9371,0.9585
0.3598,0.2594,0.27,0.2419,0.3283,0.2641,0.2066,0.2483,0.3011,0.3148,0.2799,0.2671,0.3265,0.246,0.3284,0.3335,0.3199,0.2972,0.2666,0.3099
0.9019,0.9558,0.9893,0.9009,0.9302,0.8758,0.9347,0.9461,0.93,0.9087,0.9701,0.951,1.0,0.9269,0.9294,0.9317,0.8899,0.8674,0.9209,0.9843
0.1039,0.0645,0.0279,0.0265,0.0988,0.077,0.0431,0.0668,0.0966,0.0408,0.0311,0.0469,0.084,0.0321,0.081,0.0881,0.127,0.0416,0.0247,0.0516
0.2525,0.3108,0.3134,0.2605,0.3007,0.3021,0.3193,0.2618,0.2906,0.2671,0.3245,0.3241,0.2644,0.2932,0.2841,0.274,0.2941,0.3098,0.2769,0.2877
0.1133,0.0654,0.1035,0.0885,0.0892,0.0329,0.0752,0.0875,0.0944,0.0,0.1336,0.0569,0.1091,0.0617,0.1095,0.0193,0.1028,0.0917,0.1467,0.076
0.0374,0.07,0.02,0.1,0.049,0.0358,0.1104,0.0525,0.0087,0.0807,0.0509,0.0872,0.1129,0.0637,0.0939,0.1275,0.0413,0.094,0.1034,0.0852
0.3022,0.2875,0.2852,0.2819,0.2922,0.2956,0.2956,0.3061,0.3578,0.2946,0.3028,0.2724,0.3151,0.2615,0.2584,0.2972,0.2898,0.3184,0.3062,0.227
0.0475,0.0939,0.038,0.1166,0.1377,0.0658,0.1198,0.0552,0.078,0.0922,0.0479,0.0785,0.0796,0.074,0.062,0.0797,0.0534,0.1606,0.1068,0.1029
0.4738,0.4917,0.5045,0.5409,0.5117,0.4691,0.5162,0.6045,0.4454,0.4684,0.4958,0.5307,0.5386,0.4987,0.4547,0.5414,0.489,0.4853,0.4845,0.5603
0.7093,0.7414,0.7123,0.6747,0.734,0.6744,0.7112,0.7093,0.6923,0.7819,0.7719,0.7385,0.7029,0.6887,0.7432,0.6964,0.7119,0.6859,0.7422,0.7173
0.3309,0.2695,0.2792,0.275,0.2859,0.2845,0.3652,0.2787,0.3298,0.2754,0.3239,0.278,0.2519,0.2275,0.2901,0.3014,0.3468,0.2731,0.2981,0.2756
0.2833,0.3137,0.2781,0.2913,0.2809,0.2728,0.3121,0.2793,0.2884,0.2873,0.3284,0.304,0.266,0.2691,0.3265,0.3358,0.2718,0.3083,0.3264,0.2984
0.8898,0.9439,0.8916,0.9472,0.9679,0.8864,0.9331,0.9473,0.9536,0.9082,0.9605,0.978,0.8743,0.9143,0.9583,0.8934,0.9358,0.9477,0.9452,0.9353
0.5763,0.4749,0.4769,0.4507,0.468,0.5099,0.5353,0.4846,0.5143,0.5565,0.5322,0.5223,0.4771,0.4852,0.511,0.5151,0.4773,0.4813,0.4977,0.5273
0.7012,0.7423,0.77,0.7367,0.7401,0.7362,0.7777,0.6924,0.7601,0.7103,0.7226,0.7499,0.6823,0.7197,0.7191,0.7056,0.6792,0.7451,0.6984,0.678
0.912,0.9394,0.8772,0.9725,0.926,0.9211,0.9289,0.9189,0.9774,0.9444,0.9509,0.9774,0.9059,0.8802,0.8942,0.9219,0.9599,1.0,0.9254,0.9347
0.9228,0.9312,0.9327,0.9031,0.9897,0.952,0.9398,0.9656,0.9022,0.9159,0.8476,0.9538,0.9252,0.8984,0.9591,0.94,0.9198,0.9609,0.8965,0.919
0.9352,0.9488,0.9688,0.912,0.9307,0.8804,0.9315,0.9282,0.9614,0.9323,0.9471,0.9649,0.9578,0.9175,0.902,0.9525,0.9537,0.9178,0.9243,0.9106
0.4946,0.5276,0.5215,0.403,0.5052,0.5053,0.4951,0.4791,0.4668,0.5492,0.4586,0.5112,0.4915,0.5468,0.5422,0.5168,0.5283,0.5516,0.4828,0.4913
0.0871,0.1204,0.0,0.0882,0.0299,0.0715,0.1303,0.1104,0.0948,0.0416,0.0721,0.0215,0.023,0.052,0.0742,0.1038,0.1188,0.0979,0.0772,0.053
0.5143,0.5454,0.4549,0.4939,0.5107,0.5514,0.551,0.514,0.4885,0.4734,0.4257,0.5055,0.4928,0.4778,0.4694,0.4679,0.5032,0.5423,0.4939,0.4956
0.9813,0.9395,0.8899,0.9082,0.8994,0.8976,0.9272,0.8582,0.9747,0.9526,0.949,0.9253,0.9227,0.9318,0.8691,0.9032,0.9417,0.9353,0.8677,0.958
0.6811,0.7328,0.7303,0.7141,0.7117,0.6978,0.7203,0.7511,0.7427,0.7394,0.6862,0.7512,0.761,0.6689,0.687,0.6992,0.6779,0.7433,0.7076,0.7334
0.2877,0.3468,0.2562,0.3232,0.252,0.285,0.2856,0.3664,0.2604,0.3314,0.2554,0.3,0.256,0.2835,0.3091,0.3296,0.2479,0.2896,0.2563,0.2866
0.3099,0.3142,0.3091,0.2899,0.3843,0.2445,0.2884,0.2621,0.3091,0.2724,0.2906,0.3443,0.2824,0.2716,0.2755,0.2832,0.301,0.2297,0.3261,0.2569
0.6837,0.7515,0.7036,0.7203,0.7781,0.6776,0.7075,0.7109,0.7206,0.6887,0.7566,0.6602,0.6834,0.6734,0.6329,0.7211,0.7056,0.7101,0.6972,0.6993
0.5032,0.5275,0.5074,0.4901,0.4711,0.4913,0.4787,0.519,0.4878,0.5194,0.4416,0.5566,0.4721,0.4699,0.4668,0.5114,0.4709,0.4576,0.5205,0.5157
0.085,0.1421,0.0592,0.0119,0.1136,0.0098,0.1294,0.0245,0.0608,0.0814,0.0786,0.0795,0.1069,0.0523,0.0495,0.0957,0.0871,0.0451,0.1261,0.1033
0.111,0.047,0.0819,0.1465,0.1079,0.0236,0.0697,0.0,0.1327,0.0568,0.0165,0.0464,0.0648,0.0779,0.0595,0.0532,0.0784,0.0724,0.0675,0.0677
0.2687,0.2462,0.2273,0.2878,0.3055,0.2986,0.3172,0.3126,0.2724,0.252,0.2458,0.2841,0.2514,0.2469,0.2323,0.2959,0.2912,0.2989,0.316,0.3356
0.2777,0.2994,0.2761,0.2706,0.3315,0.3232,0.2646,0.3236,0.3051,0.3066,0.3138,0.3025,0.2583,0.2932,0.2936,0.2339,0.2879,0.2945,0.2854,0.3414
0.7196,0.7621,0.7245,0.7278,0.7113,0.7334,0.7211,0.7162,0.8068,0.6927,0.7011,0.719,0.6714,0.6849,0.6818,0.6927,0.7234,0.7251,0.7079,0.7163
0.1154,0.0529,0.0526,0.0762,0.1088,0.1016,0.0638,0.0815,0.0717,0.0854,0.0769,0.0734,0.0098,0.1258,0.0593,0.0938,0.0135,0.071,0.064,0.088
0.5033,0.5491,0.4511,0.4922,0.5564,0.4622,0.5106,0.4528,0.5303,0.5062,0.5344,0.5115,0.4949,0.4435,0.5279,0.474,0.5278,0.4886,0.451,0.4504
0.466,0.5403,0.4682,0.4634,0.5111,0.4651,0.554,0.501,0.4642,0.5177,0.5187,0.457,0.5257,0.4753,0.4837,0.5093,0.5702,0.5049,0.4863,0.4938
0.9387,0.9615,0.8877,0.9011,0.9473,0.9009,0.9464,0.9076,0.9816,0.871,0.9829,0.9206,0.9287,0.862,0.8922,0.9637,0.9023,0.9048,0.9258,0.9395
0.5616,0.5531,0.4883,0.5221,0.5223,0.4956,0.5066,0.4996,0.4938,0.5023,0.4734,0.5154,0.5026,0.4601,0.4801,0.5106,0.4707,0.5335,0.4739,0.5382
0.0526,0.0803,0.0729,0.0455,0.1484,0.0503,0.0877,0.1005,0.1317,0.0464,0.0516,0.075,0.0673,0.0833,0.0354,0.0719,0.0571,0.0738,0.0955,0.0782
0.6668,0.7182,0.6897,0.715,0.6707,0.6603,0.6893,0.624,0.7511,0.7389,0.7105,0.7346,0.7382,0.7465,0.7016,0.6986,0.7277,0.7558,0.7143,0.7054
0.907,0.9598,0.94,0.8893,0.9656,0.8605,0.9095,0.9287,0.9068,0.8959,0.9259,0.9594,0.9041,0.9352,0.8912,0.9239,0.9419,0.9306,0.9105,0.9921
0.6809,0.6859,0.7796,0.6477,0.6986,0.6782,0.7023,0.7123,0.6988,0.6722,0.6618,0.7369,0.6901,0.68,0.694,0.6724,0.6837,0.7,0.7534,0.7421
0.3337,0.2455,0.2503,0.2194,0.3328,0.2834,0.2936,0.3431,0.2669,0.3172,0.3056,0.3126,0.2692,0.2549,0.2762,0.3262,0.3162,0.2845,0.3215,0.2584
0.49,0.5,0.5059,0.4884,0.5303,0.487,0.5135,0.4964,0.4714,0.546,0.5428,0.5284,0.5134,0.4813,0.533,0.4488,0.4531,0.4604,0.4761,0.5339
0.0683,0.1034,0.0068,0.0662,0.0314,0.0065,0.1039,0.0502,0.1005,0.0811,0.0412,0.034,0.0379,0.1078,0.0567,0.0824,0.0685,0.0985,0.0164,0.0251
0.4923,0.5084,0.4974,0.4541,0.5359,0.5017,0.4386,0.4445,0.516,0.4718,0.5109,0.5341,0.4821,0.5247,0.4955,0.5203,0.496,0.4955,0.536,0.4645
0.2981,0.3258,0.3084,0.306,0.2965,0.213,0.3354,0.2515,0.3276,0.2453,0.316,0.3302,0.2664,0.2939,0.2305,0.3397,0.2739,0.2195,0.3486,0.287
0.733,0.7324,0.7132,0.6833,0.7226,0.7269,0.6747,0.69,0.7496,0.7002,0.6624,0.7161,0.7261,0.6957,0.7316,0.7253,0.6803,0.6996,0.6926,0.6981
0.4795,0.544,0.5009,0.4942,0.4632,0.4712,0.4699,0.539,0.5565,0.4754,0.4773,0.4601,0.5189,0.4907,0.5147,0.5226,0.508,0.5201,0.5249,0.4809
0.9931,0.9539,0.9609,0.9445,0.9043,0.9352,0.9353,0.9712,0.8749,0.9639,0.9319,0.9605,0.8864,0.9174,0.8924,0.9332,0.933,0.896,0.9393,0.9664
0.4881,0.5595,0.4772,0.5056,0.4943,0.4836,0.4756,0.4949,0.5271,0.5449,0.5305,0.519,0.4613,0.4835,0.4733,0.4759,0.5075,0.4614,0.5187,0.5596
0.2882,0.2557,0.2394,0.2211,0.3287,0.2533,0.2619,0.2849,0.2873,0.2658,0.2912,0.2973,0.2312,0.3248,0.321,0.3009,0.2993,0.3153,0.3019,0.2805
0.6809,0.7465,0.7347,0.7093,0.7079,0.7228,0.7145,0.6877,0.7407,0.7732,0.7202,0.7129,0.6752,0.7284,0.7648,0.7429,0.7264,0.7579,0.6886,0.7133
0.0797,0.1168,0.1569,0.0629,0.0785,0.0502,0.0618,0.0933,0.0775,0.0666,0.1133,0.0592,0.0456,0.0356,0.0536,0.0762,0.089,0.0508,0.0412,0.0975
0.2632,0.2944,0.2748,0.2536,0.3171,0.2836,0.3562,0.2416,0.2889,0.3323,0.2578,0.2675,0.2487,0.2795,0.2374,0.2313,0.334,0.2487,0.2885,0.2865
0.0879,0.0443,0.0033,0.0557,0.098,0.0726,0.0903,0.1264,0.0,0.0579,0.0616,0.0902,0.0936,0.0815,0.0172,0.0236,0.1011,0.0591,0.0398,0.1044
0.8952,0.9719,0.9777,0.9676,0.9225,0.8826,0.9566,0.932,0.9618,0.8938,0.928,0.9435,0.9178,0.971,0.9497,0.9551,0.9398,0.912,0.9527,0.9221
0.4978,0.5046,0.4867,0.4573,0.5312,0.4288,0.5113,0.5489,0.5203,0.4625,0.5264,0.4802,0.4842,0.5106,0.5204,0.4938,0.4995,0.5109,0.5201,0.4861
0.2916,0.3361,0.2321,0.3146,0.3026,0.2802,0.2576,0.2796,0.2801,0.288,0.2564,0.3124,0.2713,0.3052,0.2617,0.2656,0.2922,0.3055,0.2835,0.3081
0.4577,0.5057,0.5142,0.5498,0.4756,0.4957,0.5005,0.5255,0.4543,0.526,0.4776,0.5068,0.5071,0.4915,0.5006,0.5073,0.5349,0.4865,0.4692,0.5017
0.5232,0.4745,0.5202,0.4896,0.5327,0.51,0.5589,0.5216,0.5277,0.4949,0.4643,0.5297,0.458,0.4942,0.4123,0.498,0.5054,0.452,0.4984,0.4916
0.5265,0.5192,0.4814,0.4743,0.5279,0.4373,0.5056,0.5515,0.5269,0.4919,0.4794,0.4958,0.5491,0.5263,0.5048,0.4965,0.4517,0.5152,0.5261,0.5389
0.9306,0.8998,0.9381,0.8961,0.8885,0.9174,0.9411,0.9185,0.8656,0.9125,0.923,0.9871,0.8884,0.9105,0.9428,0.9289,0.8891,0.9659,0.9357,0.9596
0.6923,0.6785,0.6769,0.6937,0.6713,0.7385,0.7,0.6557,0.6671,0.7297,0.7296,0.6615,0.7437,0.6847,0.6653,0.6913,0.7313,0.7805,0.7262,0.7314
0.1045,0.0,0.0734,0.0323,0.1016,0.0434,0.0831,0.0626,0.1175,0.0286,0.0857,0.062,0.0397,0.0932,0.1025,0.022,0.0841,0.0618,0.0922,0.0729
0.2989,0.2469,0.291,0.2679,0.3744,0.3025,0.3374,0.2608,0.2904,0.3045,0.2947,0.2734,0.254,0.2804,0.2558,0.2269,0.2869,0.2808,0.3424,0.2516
0.4312,0.4864,0.4601,0.4812,0.5242,0.4704,0.5486,0.5688,0.4959,0.5384,0.4652,0.5177,0.4911,0.513,0.5307,0.4757,0.4639,0.4749,0.5751,0.5393
0.5058,0.4903,0.4729,0.5078,0.4612,0.4903,0.4896,0.4775,0.5023,0.5529,0.5017,0.5364,0.4658,0.5136,0.4537,0.5005,0.4723,0.4559,0.5504,0.4832
0.0805,0.0594,0.1306,0.03,0.1367,0.0358,0.0928,0.0617,0.0251,0.087,0.0869,0.1021,0.1181,0.0332,0.0703,0.0639,0.0464,0.0336,0.1378,0.0883
0.0337,0.0975,0.0909,0.028,0.1201,0.0505,0.114,0.0973,0.1202,0.0919,0.0336,0.0533,0.1107,0.1084,0.0442,0.0771,0.0869,0.0921,0.1152,0.1022
0.7297,0.716,0.7856,0.6759,0.6924,0.7059,0.7257,0.7071,0.7438,0.6816,0.7408,0.7517,0.7119,0.639,0.7032,0.7085,0.7019,0.7576,0.722,0.6861
0.9895,0.9959,0.9312,0.9177,0.9737,0.8614,0.9311,0.9166,0.976,0.9435,0.8828,0.9565,0.8937,0.9,0.9632,0.89,0.9057,0.9533,0.9296,0.9431
0.0814,0.0779,0.0984,0.0834,0.0934,0.0409,0.0361,0.0768,0.0922,0.086,0.0442,0.1037,0.0366,0.0223,0.0893,0.0283,0.086,0.0421,0.1039,0.1244
0.3228,0.2919,0.2642,0.2736,0.3027,0.2217,0.3145,0.2594,0.2863,0.3191,0.3007,0.2961,0.2641,0.2868,0.2629,0.2966,0.2534,0.2861,0.2601,0.2851
0.7252,0.7535,0.6736,0.757,0.7474,0.6823,0.6628,0.7274,0.6923,0.7501,0.7071,0.7431,0.6745,0.7316,0.7365,0.6846,0.6799,0.709,0.6829,0.7176
0.2431,0.2667,0.3176,0.2947,0.3234,0.243,0.3382,0.2961,0.2883,0.2758,0.2848,0.3157,0.2831,0.2039,0.2566,0.3333,0.2958,0.3256,0.2796,0.3227
0.0639,0.0451,0.083,0.0435,0.1052,0.0887,0.0983,0.0499,0.1054,0.1088,0.1035,0.1555,0.0654,0.0173,0.0021,0.0639,0.151,0.1028,0.0916,0.0709
0.09,0.0912,0.0431,0.0404,0.1202,0.0639,0.0926,0.0683,0.0372,0.0968,0.0759,0.1075,0.0542,0.0742,0.0,0.0114,0.0778,0.0691,0.0829,0.0413
0.4674,0.5583,0.4819,0.4484,0.4693,0.505,0.4932,0.5576,0.5249,0.5378,0.5151,0.4691,0.5019,0.5418,0.481,0.4869,0.4933,0.5422,0.5014,0.5263
0.9601,0.9017,0.9509,0.9777,0.8434,0.8569,0.9236,0.94,0.963,0.8913,0.9099,0.9419,0.8887,0.9148,0.9376,0.9902,0.9175,0.8716,0.9428,0.9006
0.2566,0.2242,0.2997,0.2833,0.3294,0.2545,0.2643,0.3061,0.2968,0.2842,0.2727,0.2535,0.2636,0.2848,0.2771,0.253,0.2791,0.2981,0.3138,0.3078
0.539,0.5447,0.4816,0.5176,0.4772,0.447,0.4545,0.4811,0.5077,0.4902,0.4996,0.4976,0.4997,0.5306,0.5172,0.4931,0.4657,0.4849,0.4856,0.5372
0.3057,0.2684,0.3373,0.2585,0.3138,0.2532,0.283,0.2943,0.2845,0.3107,0.2803,0.3119,0.27,0.2399,0.293,0.2773,0.2465,0.2598,0.2779,0.2405
0.5033,0.4558,0.4758,0.506,0.5486,0.4736,0.4551,0.4623,0.5291,0.535,0.4475,0.4913,0.5676,0.499,0.5204,0.5086,0.4805,0.5459,0.5,0.499
0.6962,0.7192,0.6837,0.6922,0.778,0.6557,0.7151,0.7664,0.721,0.6673,0.7288,0.7028,0.7236,0.6672,0.6716,0.7137,0.6659,0.6889,0.7708,0.7374
0.1179,0.0896,0.0501,0.1155,0.0417,0.062,0.0726,0.1041,0.0409,0.1048,0.0443,0.1124,0.0623,0.0567,0.069,0.061,0.0901,0.0513,0.1208,0.0639
0.4849,0.5218,0.4838,0.4885,0.488,0.4583,0.5503,0.5567,0.539,0.4867,0.5329,0.482,0.476,0.4287,0.4907,0.5347,0.5015,0.5239,0.4765,0.5164
0.051,0.1323,0.0043,0.0832,0.1764,0.0059,0.0893,0.0613,0.1203,0.1177,0.0867,0.0834,0.0269,0.0385,0.0974,0.0311,0.0308,0.0779,0.0947,0.1108
0.317,0.2562,0.2669,0.24,0.3084,0.2743,0.2366,0.2939,0.3071,0.2814,0.2789,0.2754,0.2078,0.285,0.2723,0.2539,0.2493,0.2446,0.305,0.2552
0.7546,0.7324,0.723,0.7336,0.7137,0.6818,0.6931,0.713,0.7545,0.7073,0.7334,0.6938,0.6874,0.717,0.7067,0.7276,0.6548,0.7074,0.7064,0.7399
0.1123,0.074,0.0828,0.0775,0.0809,0.0777,0.0293,0.0667,0.0456,0.0981,0.0727,0.0576,0.0487,0.0806,0.0718,0.1009,0.0583,0.108,0.0984,0.097
0.2884,0.2853,0.2836,0.2689,0.2885,0.235,0.2773,0.2612,0.2657,0.2871,0.2353,0.3075,0.2968,0.2933,0.3151,0.3283,0.3132,0.2658,0.3295,0.3326
0.5475,0.4971,0.5063,0.4849,0.5189,0.4407,0.509,0.4766,0.5262,0.4853,0.4756,0.5434,0.5292,0.4798,0.5188,0.5201,0.497,0.5065,0.4524,0.5161
0.8784,0.9901,0.924,0.8728,0.9542,0.8842,0.8967,0.9152,0.8973,0.9367,0.9127,0.8899,0.9407,0.8841,0.9242,0.9414,0.9069,0.9218,0.9565,0.9154
0.6995,0.7576,0.7315,0.7386,0.7215,0.7155,0.7131,0.6929,0.6992,0.6905,0.7432,0.6944,0.6712,0.784,0.6598,0.6878,0.6779,0.72,0.7257,0.6568
0.5369,0.507,0.4699,0.4817,0.488,0.5423,0.5017,0.4893,0.4886,0.47,0.4879,0.4856,0.424,0.4892,0.5074,0.5134,0.5116,0.4564,0.5099,0.5037
0.5143,0.5107,0.4896,0.5034,0.4958,0.5124,0.4889,0.4891,0.526,0.4994,0.5215,0.56,0.4287,0.4837,0.5018,0.5492,0.4616,0.5289,0.4998,0.4935
0.7473,0.6985,0.7538,0.7094,0.7215,0.7075,0.7268,0.6864,0.7248,0.67,0.7492,0.7229,0.6873,0.7125,0.6772,0.7245,0.6731,0.6793,0.7725,0.7279
0.9791,0.9623,0.9059,0.8926,0.9114,0.9381,0.914,0.9862,1.0,0.934,0.9412,0.9561,0.9439,0.9388,0.8831,0.9134,0.9436,0.9071,0.9512,0.9427
0.9024,0.9687,0.9258,0.9061,0.9308,0.9119,0.9004,0.9467,0.9334,0.9642,0.9249,0.9395,0.9294,0.9571,0.9092,0.9716,0.9586,0.8625,0.9023,0.9378
0.0817,0.0711,0.0596,0.0653,0.0517,0.0201,0.0996,0.0521,0.0516,0.0542,0.0786,0.0759,0.091,0.0262,0.0504,0.1009,0.0835,0.0694,0.0137,0.0415
0.2198,0.2497,0.242,0.2643,0.2843,0.1964,0.3088,0.2783,0.2765,0.2956,0.2646,0.3221,0.3087,0.2722,0.2977,0.2356,0.352,0.2782,0.2885,0.2703
0.7008,0.7069,0.6746,0.682,0.7537,0.683,0.7496,0.7161,0.7148,0.7289,0.7629,0.7587,0.7361,0.7136,0.748,0.7439,0.7692,0.69,0.7116,0.7063
0.5335,0.4942,0.5307,0.4993,0.5101,0.438,0.4432,0.5079,0.5191,0.5032,0.5364,0.5108,0.5122,0.452,0.489,0.5542,0.4839,0.5002,0.5374,0.4695
0.4925,0.5104,0.5018,0.5586,0.5497,0.4608,0.5261,0.5062,0.4705,0.5216,0.4651,0.4797,0.5045,0.5393,0.5153,0.4368,0.4793,0.4616,0.539,0.5002
0.7005,0.7436,0.6873,0.6716,0.7083,0.7122,0.7106,0.7093,0.6627,0.6567,0.7011,0.6789,0.6939,0.7136,0.7035,0.7303,0.716,0.7159,0.765,0.7264
0.0591,0.0777,0.0594,0.0205,0.1287,0.0551,0.099,0.0988,0.0296,0.0659,0.0222,0.0385,0.1023,0.035,0.0584,0.0678,0.0933,0.0676,0.0566,0.1113
0.9471,0.9409,0.916,0.9124,0.9038,0.8739,0.9292,0.8709,0.965,0.9488,0.9814,0.9429,0.9424,0.9185,0.9366,0.9221,0.861,0.9521,0.9052,0.9486
0.4825,0.493,0.4997,0.5711,0.4683,0.4572,0.5091,0.4899,0.5238,0.5278,0.5416,0.5094,0.5088,0.4987,0.4473,0.5392,0.5462,0.5514,0.5196,0.5035
0.9439,0.8923,0.9086,1.0,0.9103,0.9175,0.9208,0.9558,0.9164,0.9223,0.9661,0.8867,0.9535,0.9476,0.8944,0.9539,0.9239,0.9621,0.9716,0.9611
0.4809,0.4502,0.5223,0.5452,0.5113,0.4143,0.5756,0.5115,0.5107,0.493,0.4799,0.5354,0.5053,0.4835,0.5288,0.4711,0.5828,0.4983,0.5178,0.5301
0.9635,0.9508,0.9459,0.9543,0.9092,0.8954,0.9156,0.9434,0.9906,0.9531,0.9005,0.9874,0.9228,0.894,1.0,0.9549,0.8873,0.9578,0.9148,0.9682
0.8654,0.9522,0.9117,0.8922,0.8846,0.9375,0.9235,0.9113,0.9751,0.9077,0.9218,0.9349,0.9394,0.9419,0.9154,0.9905,0.9435,0.9556,0.9439,0.9359
0.0803,0.0491,0.0596,0.0553,0.106,0.1621,0.0788,0.0469,0.0311,0.0687,0.0265,0.1155,0.0549,0.062,0.0478,0.1032,0.0537,0.0552,0.1134,0.0855
0.714,0.7358,0.7579,0.6601,0.7182,0.7271,0.7257,0.6969,0.7654,0.7388,0.6863,0.7087,0.6974,0.7268,0.685,0.716,0.7296,0.7359,0.6977,0.7117
0.7106,0.6605,0.6596,0.6908,0.7391,0.6362,0.7135,0.8004,0.7072,0.7705,0.7451,0.7307,0.7153,0.7335,0.7089,0.7145,0.7486,0.7699,0.771,0.7088
0.4906,0.4912,0.4841,0.5085,0.5078,0.4387,0.4259,0.4842,0.487,0.4958,0.5066,0.5397,0.518,0.4899,0.4671,0.4956,0.467,0.4441,0.5555,0.4725
0.2513,0.2831,0.2906,0.345,0.2798,0.2581,0.2899,0.2987,0.3011,0.2603,0.2804,0.2513,0.295,0.2604,0.2736,0.2703,0.3684,0.2452,0.2746,0.3423
0.0729,0.0448,0.0723,0.0931,0.0862,0.0249,0.0784,0.0531,0.0907,0.0671,0.049,0.1093,0.0715,0.0465,0.0305,0.0755,0.137,0.0303,0.0576,0.0829
0.7059,0.7323,0.7066,0.7136,0.7277,0.6946,0.7118,0.7348,0.7237,0.7266,0.7156,0.7349,0.699,0.6817,0.77,0.7265,0.7154,0.7197,0.7783,0.7068
0.7534,0.6979,0.7174,0.7072,0.7511,0.727,0.7341,0.7244,0.7042,0.6927,0.7171,0.6987,0.689,0.6813,0.7443,0.6992,0.7631,0.6944,0.7695,0.7437
0.0856,0.036,0.0124,0.0464,0.0898,0.0554,0.0717,0.096,0.0946,0.0699,0.0442,0.0981,0.1204,0.0206,0.083,0.0161,0.0596,0.111,0.0322,0.0732
0.5644,0.4827,0.541,0.4751,0.5052,0.4751,0.5311,0.4749,0.505,0.5226,0.5109,0.4689,0.473,0.4637,0.4916,0.4702,0.4905,0.5124,0.5174,0.5137
0.8717,0.9606,0.9286,0.9351,0.9163,0.9106,0.9385,0.9302,0.9776,0.9781,0.9522,0.9641,0.8912,0.933,0.8934,0.9786,0.9038,0.9326,0.9604,0.9984
0.2563,0.3302,0.2436,0.3159,0.3476,0.2863,0.3224,0.2559,0.3044,0.319,0.2887,0.2906,0.2449,0.2323,0.2796,0.2866,0.2401,0.3088,0.3244,0.2853
0.0935,0.0914,0.0876,0.0551,0.148,0.0871,0.1101,0.0578,0.0919,0.1061,0.0918,0.0253,0.122,0.0355,0.0019,0.0607,0.0981,0.037,0.0674,0.1191
0.0636,0.1283,0.0674,0.0483,0.1247,0.0,0.0686,0.1039,0.0487,0.1294,0.0047,0.0779,0.0262,0.0541,0.0497,0.0768,0.1005,0.0788,0.1152,0.0535
0.4819,0.471,0.47,0.5165,0.5363,0.5396,0.5475,0.5541,0.429,0.4968,0.4996,0.4956,0.4883,0.4918,0.4994,0.4787,0.5174,0.4973,0.5561,0.5376
0.5175,0.5275,0.4945,0.4516,0.5192,0.4836,0.5005,0.487,0.5056,0.5426,0.473,0.5642,0.5058,0.4438,0.5474,0.492,0.4807,0.5547,0.5259,0.495
0.0951,0.0531,0.1154,0.0406,0.115,0.0429,0.063,0.0639,0.1086,0.0518,0.0714,0.0953,0.0847,0.0611,0.0468,0.0537,0.0976,0.0249,0.0901,0.0958
0.3465,0.3436,0.2562,0.273,0.3257,0.3331,0.2982,0.2233,0.3091,0.3085,0.3303,0.3009,0.2472,0.2811,0.301,0.2667,0.3094,0.2729,0.2661,0.2921
0.7419,0.7306,0.6475,0.6858,0.6988,0.722,0.732,0.6871,0.6885,0.7024,0.697,0.7438,0.6471,0.7356,0.6566,0.6574,0.7113,0.6934,0.6783,0.6989
0.9364,0.9092,0.9513,0.9224,0.9433,0.9291,0.9307,0.93,0.9651,0.8974,0.9013,0.9246,0.8324,0.8835,0.8908,0.9419,0.91,0.9209,0.9327,0.9181
0.7589,0.6904,0.6846,0.6919,0.7378,0.6665,0.735,0.7217,0.7173,0.6695,0.7417,0.7496,0.7333,0.689,0.7296,0.726,0.7273,0.6498,0.7221,0.6754
0.1016,0.0568,0.0315,0.0754,0.1106,0.0589,0.0678,0.1481,0.0457,0.105,0.0636,0.0164,0.0575,0.0206,0.1023,0.0193,0.1201,0.0438,0.0682,0.0899
0.3083,0.2669,0.2887,0.2467,0.318,0.2976,0.2818,0.3515,0.2881,0.2854,0.2365,0.3035,0.2585,0.2985,0.2828,0.269,0.3143,0.319,0.3179,0.2255
0.3036,0.2822,0.2826,0.2528,0.2895,0.314,0.3042,0.3138,0.2883,0.3216,0.3042,0.2786,0.3453,0.2378,0.2589,0.3003,0.2817,0.2779,0.2639,0.2395
0.1232,0.0777,0.1032,0.0232,0.0956,0.0697,0.1152,0.092,0.113,0.0678,0.0848,0.1325,0.0892,0.0184,0.0629,0.0783,0.1055,0.1275,0.0654,0.0516
0.9186,0.9574,0.9678,0.9314,0.9701,0.9606,0.9717,0.9034,0.9548,0.9152,0.958,0.9636,0.9203,0.8447,0.9714,0.8974,0.9363,0.9161,0.8918,0.894
0.2983,0.3064,0.2716,0.3121,0.3688,0.2304,0.2472,0.2933,0.2412,0.2907,0.2604,0.3015,0.341,0.2691,0.3385,0.3069,0.2933,0.2623,0.2854,0.2822
0.5385,0.5386,0.5033,0.4923,0.547,0.4882,0.4561,0.5317,0.538,0.4759,0.5015,0.4739,0.4482,0.4731,0.4753,0.4938,0.5305,0.5619,0.5988,0.5254
0.9385,0.9284,0.9328,0.9064,0.9016,0.9233,0.889,0.9483,0.8905,0.9206,0.9157,0.9514,0.8863,0.8961,0.938,0.9463,0.912,0.863,0.9279,0.9246
0.8985,0.9674,0.9541,0.8608,0.991,0.868,0.9442,0.9295,0.9399,0.9438,0.8942,0.9339,0.9805,0.905,0.9273,0.9851,0.9284,0.9424,0.9248,0.9343
0.9119,0.964,0.8693,0.9205,0.9541,0.8938,0.9075,0.9178,0.9522,0.9376,0.9287,0.9348,0.8523,0.9068,0.9218,0.9163,0.9021,0.9136,0.9517,0.9193
0.0939,0.108,0.0878,0.1,0.1148,0.0705,0.1497,0.0884,0.1207,0.0258,0.0678,0.044,0.046,0.056,0.0693,0.0772,0.065,0.0424,0.0998,0.0481
0.4609,0.5554,0.4915,0.4809,0.5505,0.4713,0.493,0.4962,0.5286,0.4932,0.4848,0.4636,0.4446,0.4676,0.4996,0.4979,0.4892,0.4396,0.4949,0.5183
0.7166,0.7042,0.7516,0.6948,0.6929,0.6902,0.7185,0.7311,0.6768,0.7017,0.7116,0.67,0.6731,0.6809,0.6816,0.726,0.6953,0.7395,0.7134,0.7193
0.0779,0.0891,0.0521,0.0916,0.0912,0.0756,0.1074,0.0805,0.0696,0.1053,0.093,0.1207,0.0862,0.0517,0.0942,0.0441,0.1039,0.0309,0.0999,0.0897
0.8976,0.9155,0.9454,0.951,0.9115,0.8707,0.9277,0.9472,0.9494,0.8773,0.9601,0.9634,0.9373,0.9059,0.9186,0.9341,0.8835,0.9761,0.9199,0.8972
0.7421,0.7384,0.7611,0.7424,0.6792,0.7081,0.7398,0.7507,0.7217,0.7309,0.6839,0.7435,0.666,0.6477,0.6974,0.7085,0.7245,0.6846,0.7871,0.7675
0.0529,0.0786,0.0462,0.0656,0.0826,0.1044,0.1094,0.142,0.0912,0.0703,0.0492,0.0936,0.0524,0.0758,0.05,0.0818,0.0784,0.0293,0.0962,0.1043
0.2976,0.29,0.2907,0.2872,0.3318,0.252,0.2701,0.3494,0.2388,0.3081,0.2498,0.2567,0.2465,0.2839,0.3191,0.247,0.2439,0.2582,0.3228,0.2932
0.1032,0.0643,0.0731,0.0928,0.0714,0.058,0.0721,0.0564,0.0498,0.1025,0.0421,0.1297,0.0791,0.0484,0.0796,0.0548,0.1103,0.0699,0.0284,0.0927
0.9008,0.9931,0.8801,0.9499,0.9449,0.8875,0.9829,0.9456,0.8915,1.0,0.9668,0.9471,0.9039,0.9381,0.9167,0.9314,0.9229,0.9799,0.8856,0.9011
0.4774,0.5146,0.4011,0.444,0.4646,0.5382,0.496,0.4754,0.5329,0.4918,0.5234,0.5052,0.4938,0.4797,0.4969,0.4709,0.5239,0.4992,0.4861,0.4628
0.8965,0.8893,0.9317,0.9057,0.9623,0.8868,0.9657,0.9588,0.9185,0.9044,0.9307,0.9381,0.8968,0.8942,0.9027,0.9415,0.9251,0.9291,0.9336,0.9487
0.9092,0.9511,0.9255,0.905,0.921,0.8933,0.8937,0.9466,0.9449,0.9349,0.9073,0.9833,0.8782,0.92,0.9593,0.9488,0.9295,0.9226,0.915,0.9489
0.8622,0.9078,0.9433,0.9465,0.9228,0.9061,0.9509,0.9434,0.9609,0.9111,0.9417,0.9574,0.9544,0.9267,0.9183,0.9686,0.9169,0.8863,0.948,0.9665
0.0272,0.0689,0.0581,0.0624,0.0889,0.065,0.0711,0.0722,0.044,0.0623,0.0392,0.0535,0.0346,0.0811,0.0531,0.0826,0.1157,0.0755,0.081,0.0605
0.2383,0.2625,0.2744,0.2711,0.302,0.2696,0.2828,0.2949,0.3196,0.2822,0.2816,0.2693,0.2779,0.2665,0.309,0.2419,0.2094,0.225,0.3344,0.3101
0.2566,0.3184,0.2971,0.2254,0.3269,0.2524,0.3336,0.2586,0.3091,0.2827,0.2902,0.2826,0.283,0.2959,0.2842,0.2651,0.2912,0.283,0.3165,0.291
0.1112,0.0717,0.0682,0.0151,0.1005,0.0538,0.0611,0.0689,0.0645,0.1438,0.0418,0.084,0.0896,0.0748,0.0822,0.0939,0.1009,0.0237,0.0733,0.0985
0.9387,0.9588,0.9192,0.9091,0.8924,0.8763,0.9142,0.885,0.9432,0.9259,0.9061,0.9382,0.9367,0.8966,0.9218,0.9518,0.928,0.9118,0.991,0.9236
0.3192,0.2799,0.2605,0.2982,0.3104,0.2335,0.2799,0.3159,0.3018,0.2915,0.3112,0.2524,0.2783,0.3149,0.2772,0.2567,0.3393,0.2741,0.3101,0.2589
0.9128,0.9488,0.9267,0.8895,0.9057,0.8727,0.9191,0.9039,0.9604,0.9157,0.9493,0.9113,0.906,0.9262,0.9459,0.8834,0.9568,0.9327,0.8865,0.9372
0.8852,0.9694,0.8832,0.9149,0.9863,0.9154,0.9136,0.9449,0.9525,0.9344,0.9072,0.937,0.9455,0.9064,0.9324,0.926,0.9092,0.932,0.9673,0.8891
0.4634,0.534,0.4584,0.468,0.5196,0.545,0.5023,0.5674,0.5048,0.5134,0.4806,0.4824,0.5132,0.4633,0.4814,0.4597,0.5258,0.4419,0.5174,0.4891
0.3193,0.2745,0.3042,0.3629,0.3337,0.3015,0.3,0.3207,0.3246,0.2313,0.2396,0.2934,0.2136,0.2645,0.3149,0.2767,0.2912,0.2787,0.2581,0.3019
0.7023,0.7367,0.7179,0.7212,0.6943,0.6649,0.7088,0.7609,0.7236,0.7476,0.6853,0.7822,0.7057,0.6814,0.7121,0.7317,0.6574,0.7297,0.6751,0.6857
0.7453,0.7129,0.7055,0.7041,0.7458,0.697,0.701,0.7293,0.6818,0.6966,0.7106,0.6924,0.691,0.7219,0.6785,0.7164,0.7199,0.7024,0.7153,0.6959
0.8799,0.9542,0.9471,0.9587,0.8966,0.8921,0.9044,0.9074,0.9591,0.9455,0.9224,0.9931,0.9223,0.8953,0.8885,0.9113,0.9029,0.9941,0.9397,0.9052
0.0968,0.0733,0.0731,0.0499,0.1086,0.0815,0.0,0.1024,0.0705,0.1427,0.0176,0.0971,0.1091,0.0442,0.0967,0.0827,0.1565,0.1146,0.0816,0.1088
0.4438,0.4898,0.515,0.5019,0.4789,0.455,0.4942,0.5112,0.5285,0.5253,0.4783,0.497,0.4941,0.5332,0.4789,0.5007,0.5422,0.4586,0.5058,0.4955
0.2879,0.2969,0.294,0.2811,0.3323,0.2708,0.3256,0.2697,0.3042,0.3341,0.3354,0.2552,0.2733,0.2723,0.3069,0.324,0.27,0.2512,0.2517,0.2883
0.9257,0.9498,0.944,0.9062,0.9069,1.0,0.8836,0.9598,0.9482,0.913,0.9426,0.9291,0.8854,0.8999,0.9359,0.9336,0.9514,0.9373,0.957,0.9125
0.3288,0.3311,0.2172,0.2682,0.3302,0.2665,0.3079,0.3291,0.2232,0.3401,0.2587,0.2927,0.2923,0.3076,0.2643,0.2623,0.3193,0.2371,0.3351,0.3112
0.4802,0.5216,0.5361,0.4885,0.5438,0.4669,0.5276,0.5153,0.5561,0.4619,0.5016,0.4809,0.5086,0.517,0.4979,0.4636,0.5223,0.488,0.568,0.4999
0.9002,0.9546,0.9437,0.9065,0.9843,0.9437,0.9186,0.8927,0.9722,0.9428,0.9798,0.9765,0.8698,0.9212,0.8995,1.0,0.8837,0.9463,0.9246,0.9454
0.9266,0.9392,0.8933,0.8727,0.8829,0.9283,0.9497,0.964,0.9698,0.8958,0.9493,0.9675,0.8953,0.9292,0.9163,0.9251,0.9163,0.9094,0.8695,0.8793
0.9323,0.9527,0.9229,0.8901,0.9208,0.9173,0.9288,0.9654,0.941,0.9151,0.9448,0.9425,0.9091,0.8802,0.939,0.9432,0.8463,0.9215,0.9336,0.9433
0.098,0.0838,0.039,0.0944,0.0863,0.033,0.1216,0.0567,0.0307,0.1259,0.1167,0.088,0.0824,0.0711,0.0361,0.0968,0.072,0.0495,0.0939,0.0587
0.7632,0.7244,0.7662,0.6445,0.7064,0.6837,0.7654,0.7127,0.7234,0.6495,0.7879,0.6956,0.6365,0.7057,0.7032,0.7111,0.7158,0.6573,0.6859,0.7274
0.4682,0.4668,0.5379,0.4987,0.553,0.5049,0.525,0.5394,0.4506,0.4777,0.4504,0.519,0.4833,0.435,0.4365,0.4675,0.4766,0.472,0.512,0.4645
0.3116,0.3107,0.2706,0.2762,0.2638,0.275,0.2748,0.2799,0.271,0.283,0.2531,0.3372,0.332,0.2322,0.2822,0.2327,0.27,0.3226,0.3679,0.3166
0.7195,0.687,0.6871,0.7144,0.7047,0.7212,0.7469,0.7484,0.7447,0.7507,0.7602,0.7678,0.6926,0.7035,0.7391,0.7228,0.6952,0.7713,0.722,0.694
0.0366,0.096,0.0458,0.0323,0.0768,0.0842,0.0908,0.1066,0.0675,0.096,0.0505,0.0658,0.0367,0.0359,0.0698,0.0404,0.1251,0.0224,0.108,0.1175
0.0837,0.0622,0.0525,0.0857,0.0434,0.0145,0.0829,0.1055,0.0853,0.1049,0.0971,0.0265,0.0645,0.0933,0.0774,0.107,0.0699,0.1325,0.1479,0.0549
0.0569,0.0826,0.0716,0.0734,0.1131,0.0677,0.1332,0.0643,0.0588,0.1112,0.059,0.0895,0.0602,0.0727,0.1313,0.0979,0.0389,0.0683,0.065,0.0815
0.2762,0.2754,0.3085,0.2783,0.3205,0.2833,0.329,0.266,0.2533,0.3285,0.2889,0.2746,0.2765,0.3198,0.325,0.2838,0.2666,0.2304,0.3261,0.2882
0.9597,0.9586,0.8885,0.9081,0.9497,0.8869,0.9206,0.9362,0.9579,0.9499,0.848,0.8944,0.925,0.9485,0.9775,0.9143,0.9179,0.9557,0.9061,0.9457
0.1079,0.0523,0.0442,0.0716,0.1319,0.155,0.0913,0.118,0.0811,0.0689,0.0442,0.1026,0.0781,0.0745,0.082,0.0425,0.0747,0.0941,0.0705,0.0867
0.0937,0.1046,0.092,0.0679,0.1007,0.0417,0.0655,0.1025,0.0637,0.1262,0.0601,0.0625,0.0897,0.0859,0.0371,0.0917,0.0852,0.1362,0.1225,0.0452
0.2537,0.2737,0.295,0.2977,0.2829,0.2986,0.3171,0.2541,0.284,0.3269,0.3231,0.263,0.2972,0.2852,0.302,0.3242,0.2663,0.2482,0.264,0.2507
0.8932,0.9751,0.9237,0.9739,0.9319,0.9212,0.9369,0.91,0.8953,0.8916,0.8957,0.9146,0.9557,0.9495,0.9117,0.9473,0.947,0.9649,0.9554,0.9239
0.7162,0.7505,0.727,0.7661,0.6735,0.6966,0.7147,0.6868,0.6914,0.723,0.7286,0.7425,0.6585,0.743,0.7377,0.7228,0.7325,0.7362,0.7091,0.6968
0.7186,0.6978,0.7348,0.7037,0.6841,0.6857,0.7304,0.706,0.7429,0.7081,0.7082,0.7044,0.6569,0.6844,0.6412,0.6777,0.7147,0.7075,0.703,0.7209
0.7085,0.6855,0.7058,0.7319,0.7431,0.7309,0.7533,0.7324,0.6781,0.7039,0.6994,0.7048,0.6491,0.6802,0.664,0.689,0.7116,0.7447,0.7686,0.6878
0.9347,0.9404,0.9403,0.9054,0.9298,0.9128,0.9501,0.9153,0.9567,0.8936,0.8956,0.9052,0.984,0.8619,0.9832,0.9817,0.9357,0.8925,0.9867,0.9401
0.4769,0.4995,0.4702,0.5323,0.5231,0.4873,0.5297,0.4819,0.5307,0.4735,0.4972,0.4933,0.5182,0.4422,0.4961,0.5102,0.5118,0.4798,0.5406,0.4733
0.7374,0.7331,0.7325,0.7489,0.7144,0.6819,0.6885,0.7341,0.7378,0.7254,0.7365,0.7216,0.683,0.6686,0.7435,0.698,0.6706,0.6936,0.6772,0.6975
0.7523,0.6873,0.7333,0.674,0.7188,0.6703,0.7205,0.7336,0.7532,0.7063,0.7518,0.7528,0.6859,0.6814,0.7435,0.6824,0.7563,0.6881,0.6972,0.71
0.5086,0.4724,0.496,0.4621,0.4924,0.451,0.4908,0.5521,0.5471,0.5259,0.4924,0.4864,0.5114,0.5205,0.4692,0.4718,0.5075,0.5148,0.4904,0.4394
0.9822,0.9081,0.8768,0.9516,0.9844,0.9226,0.9056,0.9776,0.8913,0.9421,0.911,0.9204,0.88,0.9388,0.9575,0.891,0.8886,0.9248,0.8695,0.9448
0.2603,0.3164,0.24,0.2639,0.3027,0.2637,0.2653,0.2765,0.2397,0.3501,0.2418,0.3232,0.3081,0.216,0.2643,0.3335,0.3116,0.2792,0.3011,0.2873
0.5213,0.553,0.481,0.5228,0.6154,0.5068,0.4965,0.4986,0.4648,0.5117,0.4599,0.5058,0.506,0.4476,0.5508,0.4482,0.4929,0.4402,0.5277,0.4768
0.9348,0.9615,0.9447,0.8841,0.8765,0.8673,0.9015,0.9141,0.9303,0.9709,0.9511,0.9351,0.9657,0.8772,0.9053,0.888,0.9158,0.8774,0.9537,0.9247
0.7098,0.7175,0.7142,0.6762,0.6758,0.6578,0.7387,0.6709,0.767,0.7402,0.7287,0.7122,0.7138,0.7598,0.7139,0.7893,0.698,0.6923,0.7159,0.6704
0.7384,0.7156,0.7161,0.7284,0.7591,0.7075,0.7501,0.6747,0.7215,0.6366,0.7317,0.7473,0.6959,0.7362,0.7112,0.7095,0.7225,0.733,0.7,0.7635
0.2866,0.3318,0.3352,0.2423,0.2462,0.2678,0.3015,0.2914,0.2447,0.2463,0.2782,0.3172,0.2894,0.2217,0.2819,0.2857,0.3179,0.3107,0.32,0.2796
0.7166,0.7473,0.6886,0.7455,0.7193,0.7368,0.6916,0.7342,0.6889,0.7461,0.668,0.7073,0.7586,0.7223,0.6919,0.7061,0.7375,0.6391,0.7401,0.7346
0.6834,0.7296,0.6383,0.7483,0.6633,0.7334,0.6981,0.7258,0.7006,0.7434,0.7418,0.7537,0.7465,0.7011,0.7324,0.7203,0.7218,0.7752,0.6948,0.7315
0.7034,0.734,0.6508,0.7565,0.7201,0.7034,0.6939,0.7042,0.7091,0.7529,0.7275,0.7331,0.7257,0.6985,0.7347,0.7248,0.6957,0.7209,0.6989,0.7716
0.7311,0.7072,0.6873,0.6545,0.7484,0.6762,0.7262,0.6985,0.736,0.7541,0.7111,0.7585,0.6726,0.7239,0.7203,0.6483,0.7052,0.7051,0.7372,0.7619
0.5278,0.515,0.5367,0.5052,0.548,0.4764,0.4902,0.5388,0.4987,0.5181,0.4585,0.4983,0.4929,0.5311,0.5104,0.508,0.5211,0.5168,0.4964,0.5087
0.3042,0.2335,0.2799,0.2946,0.3405,0.3003,0.304,0.3455,0.3482,0.2657,0.2198,0.3359,0.2866,0.3029,0.2774,0.2934,0.2607,0.2311,0.2901,0.2551
0.0826,0.0395,0.0335,0.0869,0.1573,0.0591,0.056,0.0071,0.0748,0.0691,0.1403,0.0698,0.0,0.1197,0.0652,0.0431,0.1104,0.0765,0.0271,0.0714
0.7028,0.7654,0.7005,0.6704,0.7536,0.7258,0.7198,0.7543,0.7172,0.689,0.7459,0.6773,0.7312,0.6472,0.6937,0.672,0.6837,0.712,0.7432,0.7283
0.0576,0.0616,0.1054,0.0527,0.0488,0.0716,0.0242,0.0774,0.092,0.0623,0.0622,0.0879,0.0717,0.0559,0.0992,0.0,0.0881,0.088,0.0815,0.0754
0.5015,0.5563,0.4544,0.4115,0.5054,0.4993,0.4868,0.5033,0.5232,0.4709,0.516,0.5354,0.4806,0.5218,0.4681,0.4855,0.5299,0.5253,0.5291,0.5077
0.0345,0.0306,0.0698,0.0987,0.1223,0.0437,0.0546,0.0972,0.0815,0.0786,0.0383,0.0945,0.0853,0.1019,0.11,0.0448,0.0501,0.0359,0.073,0.1248
0.9414,1.0,0.8772,0.8685,0.9191,0.8823,0.9779,0.9287,0.9779,0.8812,0.9184,0.8871,0.9339,0.9212,0.9507,0.9386,0.8868,0.9245,0.9705,0.9028
0.4926,0.4606,0.53,0.4977,0.5077,0.493,0.5237,0.4567,0.5299,0.4342,0.4658,0.4857,0.4993,0.4718,0.4746,0.5081,0.4593,0.497,0.516,0.5338
0.5096,0.5041,0.5137,0.4734,0.4944,0.4391,0.4971,0.512,0.5227,0.4609,0.5047,0.551,0.4832,0.4767,0.4967,0.478,0.5608,0.5599,0.532,0.5477
0.6768,0.7439,0.7159,0.6761,0.6969,0.666,0.7579,0.6895,0.6891,0.6536,0.713,0.6922,0.7277,0.6229,0.7408,0.7035,0.7183,0.751,0.7302,0.6941
0.4388,0.4643,0.5129,0.4515,0.5461,0.4483,0.4595,0.5171,0.5392,0.5121,0.4404,0.5416,0.4482,0.4655,0.4733,0.5143,0.491,0.4135,0.4921,0.5063
0.9474,0.9866,0.9084,0.9324,0.8954,0.9252,0.9258,0.9308,0.8778,0.9359,0.9455,0.9735,0.8957,0.8627,0.883,0.9148,0.8522,0.9367,0.9384,0.9535
0.9139,0.9624,0.9159,0.9247,0.9239,0.857,0.9407,0.8728,0.9696,0.9218,0.9812,0.9424,0.8985,0.9398,0.8876,0.9405,0.9002,0.9132,0.9274,0.9222
0.887,0.9388,0.8976,0.9014,0.9163,0.8794,0.961,0.9599,0.9463,0.8879,0.9035,0.9074,0.9331,0.8919,0.953,0.8917,0.8976,0.8951,0.9168,0.9143
0.0665,0.048,0.0193,0.0487,0.0,0.0407,0.0665,0.0665,0.0858,0.0811,0.1081,0.0316,0.0666,0.0894,0.0704,0.0745,0.0851,0.0792,0.0888,0.1246
0.0622,0.0397,0.0098,0.0691,0.0768,0.0838,0.07,0.0717,0.058,0.1019,0.088,0.104,0.0877,0.0446,0.0198,0.0828,0.1335,0.0598,0.1103,0.1163
0.5317,0.5272,0.4701,0.486,0.5341,0.565,0.4908,0.4541,0.5196,0.527,0.4964,0.4886,0.4904,0.4498,0.4911,0.4593,0.5039,0.4703,0.5036,0.4745
0.4799,0.5199,0.4635,0.4839,0.5504,0.4892,0.5376,0.5262,0.5312,0.5196,0.4818,0.5135,0.4562,0.4298,0.4578,0.5095,0.5022,0.5314,0.5478,0.5134
0.1076,0.0763,0.0953,0.0574,0.1067,0.0183,0.1053,0.0305,0.0946,0.0599,0.0234,0.0374,0.0629,0.0786,0.03,0.0827,0.0758,0.0911,0.0964,0.0
0.2794,0.3465,0.2941,0.2907,0.3148,0.2771,0.3112,0.3012,0.2809,0.3405,0.342,0.3073,0.2647,0.3301,0.2686,0.2822,0.2892,0.2729,0.3066,0.2811
0.0765,0.1129,0.0701,0.0377,0.0479,0.1478,0.0703,0.0831,0.0639,0.1004,0.0022,0.094,0.1047,0.0593,0.0802,0.0602,0.0688,0.0466,0.0595,0.089
0.7528,0.7052,0.6957,0.7293,0.7437,0.7117,0.685,0.7045,0.7236,0.7704,0.656,0.721,0.6147,0.6663,0.7269,0.7373,0.6383,0.7214,0.7496,0.7141
0.9806,0.9768,0.8833,0.8942,0.902,0.9361,0.9784,0.9169,0.9859,0.8939,0.8744,0.9171,0.8852,0.8727,0.9051,0.9606,0.8879,0.9023,0.9877,0.9968
0.0861,0.0475,0.0744,0.0776,0.1056,0.0818,0.0867,0.1017,0.0609,0.0832,0.0198,0.0441,0.0732,0.1051,0.0696,0.0431,0.0685,0.038,0.0944,0.0383
0.7153,0.7214,0.6768,0.7085,0.7176,0.6593,0.7481,0.7462,0.7268,0.7495,0.7337,0.7054,0.6677,0.6776,0.7223,0.6846,0.7273,0.7108,0.7715,0.7208
0.912,0.9437,0.9639,0.92,0.937,0.8704,0.9552,0.9264,0.8973,0.8916,0.967,0.9919,0.9308,0.893,0.9422,0.916,0.9085,0.9758,0.9099,0.939
0.2713,0.3479,0.2793,0.2642,0.2989,0.2842,0.3134,0.2906,0.2915,0.2709,0.2382,0.326,0.2808,0.2639,0.2862,0.3282,0.304,0.3312,0.275,0.2721
0.0642,0.1112,0.0871,0.0667,0.0952,0.1021,0.1033,0.1054,0.0671,0.0565,0.0355,0.0564,0.0884,0.1007,0.0204,0.078,0.0726,0.0,0.0424,0.0718
0.8981,0.932,0.9482,0.8858,0.9355,0.8963,0.9282,0.9588,0.9737,0.9023,0.9069,0.9894,0.9259,0.9271,0.9163,0.9375,0.9214,0.9371,0.9715,0.909
0.0935,0.0766,0.0656,0.0936,0.0419,0.0293,0.0298,0.1151,0.022,0.0827,0.068,0.0621,0.1083,0.122,0.1059,0.0404,0.0853,0.1134,0.0758,0.092
0.7283,0.7353,0.7055,0.7536,0.7337,0.7184,0.7422,0.7189,0.7112,0.7035,0.762,0.7177,0.716,0.763,0.7415,0.6831,0.6327,0.6956,0.7039,0.6945
0.2796,0.2491,0.302,0.2738,0.3235,0.2659,0.3786,0.2187,0.3167,0.3318,0.2959,0.3154,0.2382,0.281,0.2801,0.2914,0.292,0.2707,0.2924,0.2944
